Company,Location,Industry,Total_Laid_Off,Percentage_Laid_Off,Date,Stage,Country,Funds_Raised
Ola,Bengaluru,Transportation,200,,13-01-2023,Series J,India,5000
Lending Club,SF Bay Area,Finance,225,0.14,12-01-2023,IPO,United States,392
SmartNews,Tokyo,Media,120,0.13,12-01-2023,Series F,United States,410
Pier,Sao Paulo,Finance,111,0.39,12-01-2023,Series B,Brazil,42
Blockchain.com,London,Crypto,110,0.28,12-01-2023,Series D,United Kingdom,490
Greenlight,Atlanta,Finance,104,0.21,12-01-2023,Series D,United States,556
Cashfree Payments,Bengaluru,Finance,100,,12-01-2023,Series B,India,41
Definitive Healthcare,Boston,Healthcare,55,0.06,12-01-2023,IPO,United States,
Career Karma,SF Bay Area,Education,22,,12-01-2023,Series B,United States,51
Flexport,SF Bay Area,Logistics,640,0.2,11-01-2023,Series E,United States,2400
Qualtrics,Salt Lake City,Other,270,0.05,11-01-2023,IPO,United States,400
Verily,SF Bay Area,Healthcare,250,0.15,11-01-2023,Subsidiary,United States,3500
Tipalti,SF Bay Area,Finance,123,0.11,11-01-2023,Series F,United States,565
Jumio,SF Bay Area,Security,100,0.06,11-01-2023,Private Equity,United States,205
CoinDCX,Mumbai,Crypto,80,,11-01-2023,Series D,India,244
HashiCorp,SF Bay Area,Security,69,,11-01-2023,IPO,United States,349
Intrinsic,SF Bay Area,Other,40,0.2,11-01-2023,Acquired,United States,
Citizen,New York City,Consumer,33,,11-01-2023,Series C,United States,133
Coinbase,SF Bay Area,Crypto,950,0.2,10-01-2023,IPO,United States,549
Informatica,SF Bay Area,Data,450,0.07,10-01-2023,IPO,United States,
Blend,SF Bay Area,Finance,340,0.28,10-01-2023,IPO,United States,665
Till Payments,Sydney,Finance,120,,10-01-2023,Series C,Australia,95
ConsenSys,New York City,Crypto,100,0.11,10-01-2023,Series D,United States,726
ForeScout,SF Bay Area,Security,100,0.1,10-01-2023,IPO,United States,125
Thinkific,Vancouver,Education,76,0.19,10-01-2023,IPO,Canada,22
LEAD,Mumbai,Education,60,,10-01-2023,Series E,India,190
Parler,Nashville,Consumer,60,0.75,10-01-2023,Series B,United States,36
GoBolt,Toronto,Logistics,55,0.05,10-01-2023,Series C,Canada,178
Relevel,Bengaluru,HR,40,0.2,10-01-2023,Subsidiary,India,
StreamElements,Tel Aviv,Media,40,0.2,10-01-2023,Series B,Israel,111
Fate Therapeutics,San Diego,Healthcare,315,0.57,09-01-2023,IPO,United States,1200
Minute Media,London,Media,50,0.1,08-01-2023,Series I,United Kingdom,160
WalkMe,SF Bay Area,Other,43,0.03,08-01-2023,IPO,United States,307
Huobi,Beijing,Crypto,275,0.2,06-01-2023,Unknown,China,2
Carbon Health,SF Bay Area,Healthcare,200,,06-01-2023,Series D,United States,522
Bounce,Bengaluru,Transportation,40,0.05,06-01-2023,Series D,India,214
Cue,San Diego,Healthcare,388,,05-01-2023,IPO,United States,999
Socure,Reno,Finance,104,0.19,05-01-2023,Series E,United States,646
Genesis,New York City,Crypto,60,0.3,05-01-2023,Series A,United States,
Moglix,Singapore,Retail,40,0.02,05-01-2023,Series F,Singapore,472
Twitter,SF Bay Area,Consumer,40,,05-01-2023,IPO,United States,12900
Everlane,SF Bay Area,Retail,30,0.17,05-01-2023,Unknown,United States,176
Pecan AI,Tel Aviv,Data,30,0.25,05-01-2023,Series C,Israel,116
Personetics,New York City,Support,30,0.08,05-01-2023,Private Equity,United States,178
Twine Solutions,Tel Aviv,Hardware,30,0.33,05-01-2023,Unknown,Israel,50
UpScalio,Gurugram,Retail,25,0.15,05-01-2023,Series B,India,62
Amazon,Seattle,Retail,8000,0.02,04-01-2023,IPO,United States,108
Salesforce,SF Bay Area,Sales,8000,0.1,04-01-2023,IPO,United States,65
Astronomer,Cincinnati,Data,76,0.2,04-01-2023,Series C,United States,282
Kaltura,New York City,Media,75,0.11,04-01-2023,IPO,United States,166
Augury,New York City,Manufacturing,20,0.05,04-01-2023,Series E,United States,274
Uniphore,SF Bay Area,Support,76,0.1,03-01-2023,Series E,United States,620
Harappa,New Delhi,Education,60,0.3,03-01-2023,Acquired,India,
Amdocs,St. Louis,Support,700,0.03,02-01-2023,IPO,United States,
PayU,Amsterdam,Finance,150,0.06,26-12-2022,Acquired,Netherlands,
Willow,Sydney,Real Estate,99,0.22,23-12-2022,Unknown,Australia,
Back Market,Paris,Retail,93,0.13,23-12-2022,Series E,France,1000
Zoopla,London,Real Estate,50,,23-12-2022,Series C,United Kingdom,25
Qualcomm,San Diego,Hardware,153,,22-12-2022,IPO,United States,
TuSimple,San Diego,Transportation,350,0.25,21-12-2022,IPO,United States,648
Chope,Singapore,Food,65,0.24,20-12-2022,Series E,Singapore,50
Briza,Toronto,Finance,26,0.4,20-12-2022,Series A,Canada,10
Tomorrow,Hamburg,Finance,30,0.25,16-12-2022,Unknown,Germany,29
Revelate,Montreal,Data,24,0.3,16-12-2022,Series A,Canada,26
BigCommerce,Austin,Retail,180,0.13,15-12-2022,IPO,United States,224
Freshworks,SF Bay Area,Support,90,0.02,15-12-2022,IPO,United States,484
Workmotion,Berlin,HR,60,0.2,15-12-2022,Series B,United States,76
JD.ID,Jakarta,Retail,200,0.3,14-12-2022,IPO,Indonesia,5100
GoStudent,Vienna,Education,100,,14-12-2022,Series D,Austria,686
Quanergy Systems,SF Bay Area,Transportation,72,,14-12-2022,IPO,United States,175
Headspace,Los Angeles,Healthcare,50,0.04,14-12-2022,Unknown,United States,215
ChowNow,Los Angeles,Food,40,0.1,14-12-2022,Series C,United States,64
Thumbtack,SF Bay Area,Consumer,160,0.14,13-12-2022,Series I,United States,698
Edgio,Phoenix,Infrastructure,95,0.1,13-12-2022,IPO,United States,462
Komodo Health,SF Bay Area,Healthcare,78,0.09,13-12-2022,Series E,United States,514
Viant,Los Angeles,Marketing,46,0.13,13-12-2022,IPO,United States,
Pluralsight,Salt Lake City,Education,400,0.2,12-12-2022,Acquired,United States,192
Freshly,Phoenix,Food,329,,12-12-2022,Acquired,United States,107
Balto,St. Louis,Sales,35,,12-12-2022,Series B,United States,51
Outschool,SF Bay Area,Education,43,0.25,10-12-2022,Series D,United States,240
Xentral,Munich,Product,20,0.1,10-12-2022,Series B,Germany,94
Playtika,Tel Aviv,Consumer,600,0.15,09-12-2022,IPO,Israel,
Share Now,Berlin,Transportation,150,0.36,09-12-2022,Acquired,Germany,
Alice,Sao Paulo,Healthcare,113,0.16,09-12-2022,Series C,Brazil,174
Primer,London,Finance,85,0.33,09-12-2022,Series B,United Kingdom,73
OneFootball,Berlin,Marketing,62,0.115,09-12-2022,Series D,Germany,442
C2FO,Kansas City,Finance,20,0.02,09-12-2022,Series H,United States,537
Airtable,SF Bay Area,Product,254,0.2,08-12-2022,Series F,United States,1400
Swiggy,Bengaluru,Food,250,0.03,08-12-2022,Unknown,India,3600
Glints,Singapore,HR,198,0.18,08-12-2022,Series D,Singapore,82
Buser,Sao Paulo,Transportation,160,0.3,08-12-2022,Series C,Brazil,138
BlackLine,Los Angeles,Finance,95,0.05,08-12-2022,Private Equity,United States,220
Otonomo,Tel Aviv,Transportation,80,0.5,08-12-2022,IPO,Israel,231
TechTarget,Boston,Marketing,60,0.05,08-12-2022,IPO,United States,115
Inscripta,Boulder,Healthcare,43,,08-12-2022,Series E,United States,459
CyCognito,SF Bay Area,Security,30,0.15,08-12-2022,Series C,United States,153
Armis,SF Bay Area,Security,25,0.04,08-12-2022,Private Equity,United States,537
Vedantu,Bengaluru,Education,385,,07-12-2022,Series E,India,292
Loft,Sao Paulo,Real Estate,312,0.12,07-12-2022,Unknown,Brazil,788
Plaid,SF Bay Area,Finance,260,0.2,07-12-2022,Series D,United States,734
Motive,SF Bay Area,Transportation,237,0.06,07-12-2022,Series F,United States,567
Relativity,Chicago,Legal,150,0.1,07-12-2022,Private Equity,United States,125
Voi,Stockholm,Transportation,130,0.13,07-12-2022,Series D,United States,515
Integral Ad Science,New York City,Marketing,120,0.13,07-12-2022,Acquired,United States,116
Houzz,SF Bay Area,Consumer,95,0.08,07-12-2022,Series E,United States,613
Grover,Berlin,Retail,40,0.1,07-12-2022,Unknown,United States,2300
Lev,New York City,Real Estate,30,0.3,07-12-2022,Series B,United States,114
Lithic,New York City,Finance,27,0.18,07-12-2022,Series C,United States,115
Doma,SF Bay Area,Finance,515,0.4,06-12-2022,IPO,United States,679
Intel,SF Bay Area,Hardware,201,,06-12-2022,IPO,United States,12
BuzzFeed,New York City,Media,180,0.12,06-12-2022,IPO,United States,696
Weedmaps,Los Angeles,Other,175,0.25,06-12-2022,Acquired,United States,
Adobe,SF Bay Area,Marketing,100,,06-12-2022,IPO,United States,2
Chipper Cash,SF Bay Area,Finance,50,0.125,06-12-2022,Series C,United States,302
Stash,New York City,Finance,32,0.08,06-12-2022,Unknown,United States,480
Perimeter 81,Tel Aviv,Security,20,0.08,06-12-2022,Series C,Israel,165
Koinly,London,Crypto,16,0.14,06-12-2022,Unknown,United Kingdom,
Bridgit,Waterloo,Construction,13,0.13,06-12-2022,Series B,Canada,36
Swyftx,Brisbane,Crypto,90,0.4,05-12-2022,Unknown,Australia,
Aqua Security,Boston,Security,65,0.1,05-12-2022,Series E,United States,265
DataRails,Tel Aviv,Finance,30,0.18,05-12-2022,Series B,Israel,103
OYO,Gurugram,Travel,600,,03-12-2022,Series F,India,4000
HealthifyMe,Bengaluru,Fitness,150,,03-12-2022,Series C,India,100
Cognyte,Tel Aviv,Security,100,0.05,02-12-2022,Unknown,Israel,
ShareChat,Bengaluru,Consumer,100,,02-12-2022,Unknown,India,1700
Polly,Burlington,Finance,47,0.15,02-12-2022,Series C,United States,184
Carousell,Singapore,Retail,110,0.1,01-12-2022,Private Equity,Singapore,372
Bizzabo,New York City,Marketing,100,0.37,01-12-2022,Series E,United States,194
BloomTech,SF Bay Area,Education,88,0.5,01-12-2022,Unknown,United States,
Netlify,SF Bay Area,Product,48,0.16,01-12-2022,Series D,United States,212
Springbig,Miami,Sales,37,0.23,01-12-2022,IPO,United States,32
DoorDash,SF Bay Area,Food,1250,0.06,30-11-2022,IPO,United States,2500
Kraken,SF Bay Area,Crypto,1100,0.3,30-11-2022,Unknown,United States,134
Happy Money,Los Angeles,Finance,158,0.34,30-11-2022,Series D,United States,191
Ula,Jakarta,Retail,134,0.23,30-11-2022,Series B,Indonesia,140
Wonder,New York City,Food,130,0.07,30-11-2022,Series B,United States,850
StudySmarter,Berlin,Education,70,,30-11-2022,Series A,Germany,64
Grin,Sacramento,Marketing,60,0.13,30-11-2022,Series B,United States,145
Ualá,Buenos Aires,Finance,53,0.03,30-11-2022,Series D,Argentina,544
Teachmint,Bengaluru,Education,45,0.05,30-11-2022,Series B,India,118
Etermax,Buenos Aires,Other,40,,30-11-2022,Unknown,Argentina,
Thread,London,Retail,30,0.5,30-11-2022,Acquired,United Kingdom,40
Bitso,Mexico City,Crypto,100,,29-11-2022,Series C,Mexico,378
Lyst,London,Retail,50,0.25,29-11-2022,Unknown,United Kingdom,144
CoinJar,Melbourne,Crypto,10,0.2,29-11-2022,Unknown,Australia,1
Infarm,Berlin,Other,500,0.5,28-11-2022,Series D,Germany,604
Wildlife Studios,Sao Paulo,Consumer,300,0.2,28-11-2022,Unknown,Brazil,260
Hirect,Bengaluru,Recruiting,200,0.4,28-11-2022,Series A,India,
ApplyBoard,Waterloo,Education,90,0.06,28-11-2022,Series D,Canada,483
Ajaib,Jakarta,Finance,67,0.08,28-11-2022,Unknown,Indonesia,245
Candy Digital,New York City,Crypto,33,0.33,28-11-2022,Series A,United States,100
ResearchGate,Berlin,Other,25,0.1,28-11-2022,Series D,Germany,87
VerSe Innovation,Bengaluru,Media,150,0.05,25-11-2022,Series J,India,1700
Carwow,London,Transportation,70,0.2,25-11-2022,Unknown,United Kingdom,157
Vendease,Lagos,Food,27,0.09,25-11-2022,Series A,Nigeria,43
Lemon,Buenos Aires,Crypto,100,0.38,24-11-2022,Series A,Argentina,17
Quidax,Lagos,Crypto,20,0.2,24-11-2022,Unknown,Nigeria,3
SIRCLO,Jakarta,Retail,160,0.08,22-11-2022,Series B,Indonesia,92
Trax,Singapore,Retail,80,0.08,22-11-2022,Series E,Singapore,1000
Kitopi,Dubai,Food,93,0.1,21-11-2022,Series C,United States,804
Zomato,Gurugram,Food,100,0.04,19-11-2022,Series J,India,914
Carvana,Phoenix,Transportation,1500,0.08,18-11-2022,IPO,United States,1600
Nuro,SF Bay Area,Transportation,300,0.2,18-11-2022,Series D,United States,2100
Synthego,SF Bay Area,Healthcare,105,0.2,18-11-2022,Series E,United States,459
Roku,SF Bay Area,Media,200,0.07,17-11-2022,IPO,United States,208
Orchard,New York City,Real Estate,180,,17-11-2022,Series D,United States,472
Homepoint,Phoenix,Real Estate,113,,17-11-2022,IPO,United States,
Juni,Gothenburg,Finance,72,0.33,17-11-2022,Unknown,Sweden,281
Chili Piper,New York City,Sales,58,,17-11-2022,Series B,United States,54
Capitolis,New York City,Finance,37,0.25,17-11-2022,Series D,United States,281
TealBook,Toronto,Other,34,0.19,17-11-2022,Series B,Canada,73
Koho,Toronto,Finance,15,0.04,17-11-2022,Series D,Canada,278
&Open,Dublin,Marketing,9,0.09,17-11-2022,Series A,Ireland,35
Amazon,Seattle,Retail,10000,0.03,16-11-2022,IPO,United States,108
Cisco,SF Bay Area,Infrastructure,4100,0.05,16-11-2022,IPO,United States,2
Twiga,Nairobi,Food,211,0.21,16-11-2022,Series C,Kenya,157
Wayflyer,Dublin,Marketing,200,0.4,16-11-2022,Unknown,Ireland,889
SimilarWeb,New York City,Other,120,0.1,16-11-2022,IPO,United States,235
Salsify,Boston,Retail,90,0.11,16-11-2022,Series F,United States,452
Lokalise,Dover,Other,76,0.23,16-11-2022,Series B,United States,56
Yotpo,New York City,Marketing,70,0.09,16-11-2022,Unknown,United States,436
Pear Therapeutics,Boston,Healthcare,59,0.22,16-11-2022,IPO,United States,409
UiPath,New York City,Data,241,0.06,15-11-2022,IPO,United States,2000
Asana,SF Bay Area,Other,180,0.09,15-11-2022,IPO,United States,453
OwnBackup,New York City,Security,170,0.17,15-11-2022,Series E,United States,507
Deliveroo Australia,Melbourne,Food,120,1,15-11-2022,IPO,Australia,1700
Productboard,SF Bay Area,Product,100,0.2,15-11-2022,Series D,United States,
Properly,Toronto,Real Estate,71,,15-11-2022,Series B,Canada,154
Protocol,SF Bay Area,Media,60,1,15-11-2022,Acquired,United States,
Jimdo,Hamburg,Other,50,0.16,15-11-2022,Unknown,Germany,28
The Zebra,Austin,Finance,50,,15-11-2022,Series D,United States,256
Viber,Luxembourg,Consumer,45,0.08,15-11-2022,Acquired,Luxembourg,
CaptivateIQ,SF Bay Area,Sales,31,0.1,15-11-2022,Series C,United States,164
Illumina,San Diego,Healthcare,500,0.05,14-11-2022,IPO,United States,28
Sema4,Stamford,Healthcare,500,,14-11-2022,IPO,United States,791
iFit,Logan,Fitness,300,0.2,14-11-2022,Private Equity,United States,200
Ribbon,New York City,Real Estate,170,0.85,14-11-2022,Series C,United States,405
Pipedrive,Tallin,Sales,143,0.15,14-11-2022,Private Equity,Estonia,90
Intercom,SF Bay Area,Support,124,0.13,14-11-2022,Series D,United States,240
Science 37,Los Angeles,Healthcare,90,,14-11-2022,IPO,United States,347
Science 37,Los Angeles,Healthcare,90,,14-11-2022,IPO,United States,347
Pear Therapeutics,Boston,Healthcare,59,0.22,14-11-2022,IPO,United States,409
Cardlytics,Atlanta,Marketing,51,,14-11-2022,IPO,United States,212
Cloudinary,SF Bay Area,Media,40,0.08,14-11-2022,Unknown,United States,100
Nestcoin,Lagos,Crypto,30,,14-11-2022,Seed,Nigeria,6
Veev,SF Bay Area,Real Estate,100,0.3,11-11-2022,Series D,United States,597
Forto,Berlin,Logistics,60,0.08,11-11-2022,Series D,United States,593
GoTo Group,Jakarta,Transportation,1300,0.12,10-11-2022,IPO,Indonesia,1300
Juul,SF Bay Area,Consumer,400,0.3,10-11-2022,Unknown,United States,1500
Blend,SF Bay Area,Finance,100,0.06,10-11-2022,IPO,United States,665
InfluxData,SF Bay Area,Data,65,0.27,10-11-2022,Series D,United States,119
Coinbase,SF Bay Area,Crypto,60,,10-11-2022,IPO,United States,549
SoundHound,SF Bay Area,Other,45,0.1,10-11-2022,IPO,United States,326
Wistia,Boston,Marketing,40,,10-11-2022,Unknown,United States,18
Ocavu,Lehi,Crypto,20,0.48,10-11-2022,Series A,United States,11
Meta,SF Bay Area,Consumer,11000,0.13,09-11-2022,IPO,United States,26000
Redfin,Seattle,Real Estate,862,0.13,09-11-2022,IPO,United States,320
Flyhomes,Seattle,Real Estate,300,0.4,09-11-2022,Series C,United States,310
AvantStay,Los Angeles,Travel,144,0.22,09-11-2022,Private Equity,United States,686
Root Insurance,Columbus,Finance,137,0.2,09-11-2022,IPO,United States,527
Liftoff,SF Bay Area,Marketing,130,0.15,09-11-2022,Acquired,United States,6
Cameo,Chicago,Consumer,80,,09-11-2022,Unknown,United States,165
Plum,Bengaluru,Healthcare,36,0.1,09-11-2022,Series A,India,20
Kabam,SF Bay Area,Consumer,35,0.07,09-11-2022,Acquired,United States,244
HighRadius,Bengaluru,Finance,25,,09-11-2022,Series C,India,475
Repertoire Immune Medicines,Boston,Healthcare,65,0.5,08-11-2022,Series B,United States,257
Salesforce,SF Bay Area,Sales,1000,0.01,07-11-2022,IPO,United States,65
Unacademy,Bengaluru,Education,350,0.1,07-11-2022,Series H,India,838
Zendesk,SF Bay Area,Support,350,0.05,07-11-2022,Acquired,United States,85
Dock,Sao Paulo,Finance,190,0.12,07-11-2022,Private Equity,Brazil,280
Varonis,New York City,Security,110,0.05,06-11-2022,IPO,United States,30
Brainly,Krakow,Education,25,,06-11-2022,Series D,Poland,148
Twitter,SF Bay Area,Consumer,3700,0.5,04-11-2022,IPO,United States,12900
Udaan,Bengaluru,Retail,350,,04-11-2022,Unknown,India,1500
Planetly,Berlin,Other,200,1,04-11-2022,Acquired,Germany,5
KoinWorks,Jakarta,Finance,70,0.08,04-11-2022,Unknown,Indonesia,180
Exodus,Nebraska City,Crypto,59,0.22,04-11-2022,Unknown,United States,60
Stripe,SF Bay Area,Finance,1000,0.14,03-11-2022,Series H,United States,2300
Lyft,SF Bay Area,Transportation,700,0.13,03-11-2022,IPO,United States,4900
Pleo,Copenhagen,Finance,150,0.15,03-11-2022,Series C,United States,428
Delivery Hero,Berlin,Food,100,,03-11-2022,IPO,Germany,8300
Shippo,SF Bay Area,Logistics,60,0.2,03-11-2022,Series E,United States,154
Opendoor,SF Bay Area,Real Estate,550,0.18,02-11-2022,IPO,United States,1900
Chime,SF Bay Area,Finance,156,0.12,02-11-2022,Series G,United States,2300
Chargebee,SF Bay Area,Finance,142,0.1,02-11-2022,Series H,United States,468
Dapper Labs,Vancouver,Crypto,134,0.22,02-11-2022,Series D,United States,607
Checkmarx,Tel Aviv,Security,100,0.1,02-11-2022,Series C,Israel,92
Smava,Berlin,Finance,100,0.15,02-11-2022,Unknown,Germany,188
Iron Ox,SF Bay Area,Food,50,0.5,02-11-2022,Series C,United States,103
Digital Currency Gruop,Stamford,Crypto,10,0.13,02-11-2022,Unknown,United States,
Argo AI,SF Bay Area,Transportation,259,,01-11-2022,Unknown,United States,3600
Booking.com,Grand Rapids,Travel,226,,01-11-2022,Acquired,United States,
Oracle,SF Bay Area,Other,200,,01-11-2022,IPO,United States,
Upstart,SF Bay Area,Finance,140,0.07,01-11-2022,IPO,United States,144
Gem,SF Bay Area,Recruiting,100,0.33,01-11-2022,Series C,United States,148
Oda,Oslo,Food,70,0.18,01-11-2022,Unknown,Sweden,377
Oda,Oslo,Food,70,0.18,01-11-2022,Unknown,Norway,477
Oda,Oslo,Food,70,0.06,01-11-2022,Unknown,Norway,479
Hootsuite,Vancouver,Marketing,50,0.05,01-11-2022,Series C,Canada,300
Drop,Toronto,Marketing,24,,01-11-2022,Series B,Canada,56
Kry,Stockholm,Healthcare,300,0.1,31-10-2022,Series D,Sweden,568
Notarize,Boston,Legal,60,,31-10-2022,Series D,United States,213
EquityZen,New York City,Finance,30,0.27,31-10-2022,Series B,United States,11
Equitybee,SF Bay Area,Finance,25,0.2,31-10-2022,Series B,United States,85
Dukaan,Bengaluru,Retail,23,,31-10-2022,Series A,India,17
Amazon,Seattle,Retail,150,,28-10-2022,IPO,United States,108
Fifth Season,Pittsburgh,Food,100,1,28-10-2022,Series B,United States,35
Advata,Seattle,Healthcare,32,0.21,28-10-2022,Unknown,United States,
RenoRun,Montreal,Construction,210,0.43,27-10-2022,Series B,Canada,163
Recharge,Los Angeles,Finance,84,0.17,27-10-2022,Series B,United States,277
Lattice,SF Bay Area,HR,13,,27-10-2022,Series F,United States,328
MindBody,San Luis Obispo,Fitness,400,0.15,26-10-2022,IPO,United States,114
Zillow,Seattle,Real Estate,300,0.05,26-10-2022,IPO,United States,97
Cybereason,Boston,Security,200,0.17,26-10-2022,Series F,United States,750
Argo AI,Pittsburgh,Transportation,173,,26-10-2022,Unknown,United States,3600
GoFundMe,SF Bay Area,Finance,94,0.12,26-10-2022,Series A,United States,
Fundbox,SF Bay Area,Finance,150,0.42,25-10-2022,Series D,United States,553
Embroker,SF Bay Area,Finance,30,0.12,25-10-2022,Series C,United States,142
Vee,Tel Aviv,HR,17,0.5,25-10-2022,Seed,Israel,15
Cerebral,SF Bay Area,Healthcare,400,0.2,24-10-2022,Series C,United States,462
Snyk,Boston,Security,198,0.14,24-10-2022,Series F,United States,849
McMakler,Berlin,Real Estate,100,,24-10-2022,Unknown,Germany,214
OrCam,Jerusalem,Healthcare,62,0.16,23-10-2022,Unknown,Israel,86
Antidote Health,Tel Aviv,Healthcare,23,0.38,23-10-2022,Unknown,Israel,36
Khoros,Austin,Sales,120,0.1,21-10-2022,Private Equity,United States,138
F5,Seattle,Security,100,0.01,21-10-2022,IPO,United States,
Elinvar,Berlin,Finance,43,0.33,21-10-2022,Unknown,Germany,30
Synapsica,New Delhi,Healthcare,30,0.3,21-10-2022,Series A,India,4
Hotmart,Belo Horizonte,Marketing,227,0.12,20-10-2022,Series C,Brazil,127
Zeus Living,SF Bay Area,Real Estate,64,0.46,20-10-2022,Series C,United States,151
Loom,SF Bay Area,Product,23,0.11,20-10-2022,Series C,United States,203
Sales Boomerang,Baltimore,Sales,20,,20-10-2022,Private Equity,United States,5
Gopuff,Philadelphia,Food,250,,19-10-2022,Series H,United States,3400
AtoB,SF Bay Area,Finance,32,0.3,19-10-2022,Series B,United States,177
InfoSum,London,Security,20,0.12,19-10-2022,Series B,United Kingdom,88
Faire,SF Bay Area,Retail,84,0.07,18-10-2022,Series G,United States,1700
Leafly,Seattle,Retail,56,0.21,18-10-2022,IPO,United States,71
Ada Health,Berlin,Healthcare,50,,17-10-2022,Series B,Germany,189
Tiendanube,Buenos Aires,Marketing,50,0.05,17-10-2022,Unknown,Argentina,
Flipboard,SF Bay Area,Media,24,0.21,16-10-2022,Unknown,United States,235
Clear Capital,SF Bay Area,Real Estate,378,0.27,14-10-2022,Unknown,United States,
Beyond Meat,Los Angeles,Food,200,0.19,14-10-2022,IPO,United States,122
Salesforce,SF Bay Area,Sales,90,,13-10-2022,IPO,United States,65
Playdots,New York City,Consumer,65,1,13-10-2022,Acquired,United States,10
Byju's,Bengaluru,Education,2500,0.05,12-10-2022,Private Equity,India,5500
6sense,SF Bay Area,Sales,150,0.1,12-10-2022,Series E,United States,426
FrontRow,Bengaluru,Education,130,0.75,12-10-2022,Series A,India,17
Noom,New York City,Healthcare,500,0.1,11-10-2022,Series F,United States,657
MX,Lehi,Finance,200,,11-10-2022,Series C,United States,450
Brex,SF Bay Area,Finance,136,0.11,11-10-2022,Series D,United States,1500
Pacaso,SF Bay Area,Real Estate,100,0.3,11-10-2022,Series C,United States,217
Sketch,The Hague,Other,80,,11-10-2022,Series A,Netherlands,20
Udacity,SF Bay Area,Education,55,0.13,11-10-2022,Unknown,United States,235
Linkfire,Copenhagen,Marketing,35,0.35,11-10-2022,Seed,Denmark,2
HelloFresh,SF Bay Area,Food,611,,10-10-2022,IPO,United States,367
Momentive,SF Bay Area,Marketing,180,0.11,10-10-2022,IPO,United States,1100
Pavilion Data,SF Bay Area,Infrastructure,96,0.96,10-10-2022,Series D,United States,103
Redesign Health,New York City,Healthcare,67,0.2,10-10-2022,Series C,United States,315
BioMarin,SF Bay Area,Healthcare,120,0.04,07-10-2022,IPO,United States,585
Rev.com,Austin,Data,85,,07-10-2022,Series D,United States,30
Crypto.com,Singapore,Crypto,2000,0.3,06-10-2022,Unknown,Singapore,156
Peloton,New York City,Fitness,500,0.12,06-10-2022,IPO,United States,1900
Landing,Birmingham,Real Estate,110,,06-10-2022,Series C,United States,347
Turnitin,SF Bay Area,Education,51,0.05,06-10-2022,Acquired,United States,
Impossible Foods,SF Bay Area,Food,50,0.06,06-10-2022,Series H,United States,1900
Built In,Chicago,Recruiting,50,0.25,05-10-2022,Series C,United States,29
Homie,Salt Lake City,Real Estate,40,0.13,04-10-2022,Series B,United States,35
WazirX,Mumbai,Crypto,60,0.4,02-10-2022,Acquired,India,
Spin,SF Bay Area,Transportation,78,0.1,30-09-2022,Acquired,United States,8
Westwing,Munich,Retail,125,,29-09-2022,IPO,Germany,237
Mux,SF Bay Area,Infrastructure,40,0.2,29-09-2022,Series D,United States,173
DocuSign,SF Bay Area,Sales,671,0.09,28-09-2022,IPO,United States,536
Divvy Homes,SF Bay Area,Real Estate,40,0.12,27-09-2022,Series B,United States,180
Konfio,Mexico City,Finance,180,,23-09-2022,Series E,United States,706
Moss,Berlin,Finance,70,0.15,23-09-2022,Series B,Germany,150
Foxtrot,Chicago,Food,26,0.035,23-09-2022,Series C,United States,166
Truiloo,Vancouver,Security,24,0.05,23-09-2022,Series D,Canada,474
NYDIG,New York City,Crypto,110,0.33,22-09-2022,Private Equity,United States,1400
Klarna,Stockholm,Finance,100,,22-09-2022,Unknown,Sweden,3700
Kitty Hawk,SF Bay Area,Aerospace,100,1,21-09-2022,Unknown,United States,1
Compass,New York City,Real Estate,271,,20-09-2022,IPO,United States,1600
Curative,Los Angeles,Healthcare,109,,20-09-2022,Seed,United States,8
Ada,Toronto,Support,78,0.16,20-09-2022,Series C,Canada,190
99,Sao Paulo,Transportation,75,0.02,20-09-2022,Acquired,Brazil,244
Ola,Bengaluru,Transportation,200,,19-09-2022,Series J,India,5000
Vesalius Therapeutics,Boston,Healthcare,29,0.43,19-09-2022,Series B,United States,75
Clear,Bengaluru,Finance,190,0.2,16-09-2022,Series C,India,140
TrueLayer,London,Finance,40,0.1,16-09-2022,Series E,United States,271
LivePerson,New York City,Support,193,0.11,15-09-2022,IPO,United States,42
Acast,Stockholm,Media,70,0.15,15-09-2022,IPO,Sweden,126
WorkRamp,SF Bay Area,HR,35,0.2,15-09-2022,Series C,United States,67
Twilio,SF Bay Area,Other,800,0.11,14-09-2022,IPO,United States,614
Pitch,Berlin,Marketing,59,0.3,14-09-2022,Series B,Germany,137
Infarm,Berlin,Other,50,0.05,14-09-2022,Series D,Germany,604
Netflix,SF Bay Area,Media,30,,14-09-2022,IPO,United States,121900
Rubius,Boston,Healthcare,160,0.75,13-09-2022,IPO,United States,445
Checkout.com,London,Finance,100,0.05,13-09-2022,Series D,United Kingdom,1800
Taboola,New York City,Marketing,100,0.06,13-09-2022,IPO,United States,445
Patreon,SF Bay Area,Media,80,0.17,13-09-2022,Series F,United States,413
Quicko,Sao Paulo,Transportation,60,,12-09-2022,Acquired,Brazil,28
Mode Analytics,SF Bay Area,Data,25,,12-09-2022,Series D,United States,81
Compete,Tel Aviv,HR,11,0.28,12-09-2022,Series A,Israel,17
SkipTheDishes,Winnipeg,Food,350,,09-09-2022,Acquired,Canada,6
Brighte,Sydney,Energy,58,,09-09-2022,Series C,Australia,145
Patreon,SF Bay Area,Media,5,,09-09-2022,Series F,United States,413
GoStudent,Vienna,Education,200,,08-09-2022,Series D,Austria,686
Pomelo Fashion,Bangkok,Retail,55,0.08,08-09-2022,Unknown,Thailand,120
Genome Medical,SF Bay Area,Healthcare,23,,08-09-2022,Series C,United States,120
Simple Feast,Copenhagen,Food,150,1,07-09-2022,Unknown,Denmark,173
Foodpanda,Singapore,Food,60,,07-09-2022,Acquired,Romania,749
Uber,Vilnius,Transportation,60,,07-09-2022,IPO,Lithuania,24700
Rupeek,Bengaluru,Finance,50,,07-09-2022,Unknown,India,172
Intercom,SF Bay Area,Support,49,0.05,07-09-2022,Series D,United States,240
Pendo,Raleigh,Product,45,0.05,07-09-2022,Series F,United States,469
Demandbase,SF Bay Area,Sales,27,0.03,07-09-2022,Series H,United States,143
Brave Care,Portland,Healthcare,40,0.33,06-09-2022,Series B,United States,42
Lawgeex,Tel Aviv,Legal,30,0.33,06-09-2022,Series C,Israel,41
Kuda,Lagos,Finance,23,0.05,02-09-2022,Series B,Nigeria,91
2TM,Sao Paulo,Crypto,100,0.15,01-09-2022,Unknown,Brazil,250
Innovaccer,SF Bay Area,Healthcare,90,0.08,01-09-2022,Series E,United States,379
Shopify,Ottawa,Retail,70,,01-09-2022,IPO,Canada,122
Urban Sports Club,Berlin,Fitness,55,0.15,01-09-2022,Unknown,Germany,95
Hedvig,Stockholm,Finance,12,,01-09-2022,Series B,Sweden,67
Snap,Los Angeles,Consumer,1280,0.2,31-08-2022,IPO,United States,4900
GoodRx,Los Angeles,Healthcare,140,0.16,31-08-2022,IPO,United States,910
Smava,Berlin,Finance,100,0.1,31-08-2022,Unknown,Germany,188
Hippo Insurance,SF Bay Area,Finance,70,0.1,31-08-2022,IPO,United States,1300
Clari,SF Bay Area,Sales,45,,31-08-2022,Series F,United States,496
Koo,Bengaluru,Consumer,40,,31-08-2022,Series B,India,44
Apartment List,SF Bay Area,Real Estate,29,0.1,31-08-2022,Series D,United States,169
Artnight,Berlin,Retail,26,0.36,31-08-2022,Unknown,Germany,
Electric,New York City,Other,81,,30-08-2022,Series D,United States,212
Immersive Labs,Bristol,Security,38,0.1,30-08-2022,Series C,United Kingdom,123
Nate,New York City,Retail,30,,30-08-2022,Series A,United States,47
Meesho,Bengaluru,Retail,300,,29-08-2022,Series F,India,1100
54gene,Washington D.C.,Healthcare,95,0.3,29-08-2022,Series B,United States,44
Zymergen,SF Bay Area,Other,80,,26-08-2022,Acquired,United States,974
Okta,SF Bay Area,Other,24,,26-08-2022,IPO,United States,1200
Argyle,New York City,Finance,20,0.07,26-08-2022,Series B,United States,78
FreshDirect,Philadelphia,Food,40,,25-08-2022,Acquired,United States,280
Loja Integrada,Sao Paulo,Retail,25,0.1,25-08-2022,Acquired,Brazil,
Reali,SF Bay Area,Real Estate,140,1,24-08-2022,Series B,United States,117
Loop,Washington D.C.,Finance,15,0.2,24-08-2022,Series A,United States,24
Tier Mobility,Berlin,Transportation,180,0.16,23-08-2022,Series D,Germany,646
Packable,New York City,Retail,138,0.2,23-08-2022,Unknown,United States,472
Q4,Toronto,Other,50,0.08,23-08-2022,Series C,Canada,91
Skedulo,SF Bay Area,HR,31,0.08,23-08-2022,Series C,United States,114
Plato,SF Bay Area,HR,29,0.5,23-08-2022,Seed,United States,3
NSO,Tel Aviv,Security,100,0.14,21-08-2022,Seed,Israel,1
Tufin,Boston,Security,55,0.1,21-08-2022,Acquired,United States,21
Amperity,Seattle,Marketing,13,0.03,20-08-2022,Series D,United States,187
Wayfair,Boston,Retail,870,0.05,19-08-2022,IPO,United States,1700
Stripe,SF Bay Area,Finance,50,,19-08-2022,Series H,United States,2300
Hodlnaut,Singapore,Crypto,40,0.8,19-08-2022,Unknown,Singapore,
New Relic,SF Bay Area,Infrastructure,110,0.05,18-08-2022,IPO,United States,214
Wheel,Austin,Healthcare,35,0.17,18-08-2022,Series C,United States,215
Malwarebytes,SF Bay Area,Security,125,0.14,17-08-2022,Series B,United States,80
Fluke,Sao Paulo,Other,83,0.82,17-08-2022,Seed,Brazil,
Swyftx,Brisbane,Crypto,74,0.21,17-08-2022,Unknown,Australia,
Tempo Automation,SF Bay Area,Other,54,,17-08-2022,Series C,United States,74
Genesis,New York City,Crypto,52,0.2,17-08-2022,Series A,United States,
Warren,Porto Alegre,Finance,50,,17-08-2022,Series C,Brazil,104
AlayaCare,Montreal,Healthcare,80,0.14,16-08-2022,Series D,Canada,293
Pliops,Tel Aviv,Data,12,0.09,16-08-2022,Series D,Israel,205
Woven,Indianapolis,HR,5,0.15,16-08-2022,Series A,United States,11
Sema4,Stamford,Healthcare,250,0.13,15-08-2022,IPO,United States,791
Blend,SF Bay Area,Finance,220,0.12,15-08-2022,IPO,United States,665
ContraFect,New York City,Healthcare,16,0.37,15-08-2022,IPO,United States,380
Anywell,Tel Aviv,Real Estate,11,,14-08-2022,Series A,Israel,15
Peloton,New York City,Fitness,784,0.13,12-08-2022,IPO,United States,1900
Truepill,SF Bay Area,Healthcare,175,0.33,11-08-2022,Series D,United States,255
Calm,SF Bay Area,Healthcare,90,0.2,11-08-2022,Series C,United States,218
FourKites,Chicago,Logistics,60,0.08,11-08-2022,Series D,United States,201
Marketforce,Nairobi,Retail,54,0.09,11-08-2022,Series A,Kenya,42
Betterfly,Santiago,Healthcare,30,,11-08-2022,Series C,Chile,204
Expert360,Sydney,Recruiting,7,,11-08-2022,Series C,Australia,26
Trybe,Sao Paulo,Education,47,0.1,10-08-2022,Series B,Brazil,40
Permutive,London,Marketing,30,0.12,10-08-2022,Series C,United Kingdom,105
GoHealth,Chicago,Healthcare,800,0.2,09-08-2022,IPO,United States,75
Hootsuite,Vancouver,Marketing,400,0.3,09-08-2022,Series C,Canada,300
Nutanix,SF Bay Area,Infrastructure,270,0.04,09-08-2022,IPO,United States,1100
Quanterix,Boston,Healthcare,130,0.25,09-08-2022,IPO,United States,533
Wix,Tel Aviv,Marketing,100,,09-08-2022,IPO,Israel,58
MadeiraMadeira,Curitiba,Retail,60,0.03,09-08-2022,Series E,Brazil,338
Melio,New York City,Finance,60,,09-08-2022,Series D,United States,504
Linktree,Melbourne,Consumer,50,0.17,09-08-2022,Unknown,Australia,165
Shogun,SF Bay Area,Retail,48,0.3,09-08-2022,Series C,United States,114
Absci,Vancouver,Healthcare,40,,09-08-2022,IPO,United States,237
Dooly,Vancouver,Sales,12,,09-08-2022,Series B,Canada,102
Groupon,Chicago,Retail,500,0.15,08-08-2022,IPO,United States,1400
Loggi,Sao Paulo,Logistics,500,0.15,08-08-2022,Series F,Brazil,507
Vroom,New York City,Transportation,337,,08-08-2022,IPO,United States,1300
Warby Parker,New York City,Consumer,63,,08-08-2022,IPO,United States,535
Labelbox,SF Bay Area,Data,36,,08-08-2022,Series D,United States,188
Perion,Tel Aviv,Marketing,20,0.05,08-08-2022,IPO,Israel,76
iRobot,Boston,Consumer,140,0.1,05-08-2022,Acquired,United States,30
RenoRun,Montreal,Construction,70,0.12,05-08-2022,Series B,Canada,163
Mejuri,Toronto,Retail,50,0.1,05-08-2022,Series B,Canada,28
Uberflip,Toronto,Marketing,31,0.17,05-08-2022,Series A,Canada,42
Doma,SF Bay Area,Finance,250,0.13,04-08-2022,IPO,United States,679
Article,Vancouver,Retail,216,0.17,04-08-2022,Series B,Canada,
Jam City,Los Angeles,Consumer,200,0.17,04-08-2022,Unknown,United States,652
10X Genomics,SF Bay Area,Healthcare,100,0.08,04-08-2022,IPO,United States,242
LEAD,Mumbai,Education,80,0.04,04-08-2022,Series E,India,166
Zendesk,SF Bay Area,Support,80,,04-08-2022,Acquired,United States,85
On Deck,SF Bay Area,Education,73,0.33,04-08-2022,Series A,United States,20
RenoRun,Montreal,Construction,70,0.12,04-08-2022,Series B,Canada,163
RingCentral,SF Bay Area,Support,50,,04-08-2022,IPO,United States,44
Healthcare.com,Miami,Healthcare,149,,03-08-2022,Series C,United States,244
Unbounce,Vancouver,Marketing,47,0.2,03-08-2022,Series A,Canada,39
Beyond Meat,Los Angeles,Food,40,,03-08-2022,IPO,United States,122
The Org,New Delhi,HR,13,,03-08-2022,Series B,United States,39
Robinhood,SF Bay Area,Finance,713,0.23,02-08-2022,IPO,United States,5600
Latch,New York City,Security,115,0.37,02-08-2022,IPO,United States,342
Vedantu,Bengaluru,Education,100,,02-08-2022,Series E,India,292
Seegrid,Pittsburgh,Logistics,90,,02-08-2022,Unknown,United States,107
Nylas,SF Bay Area,Product,80,0.25,02-08-2022,Series C,United States,175
Outreach,Seattle,Sales,60,0.05,02-08-2022,Series G,United States,489
Sendy,Nairobi,Logistics,54,0.2,02-08-2022,Series B,Kenya,26
The Predictive Index,Boston,HR,40,,02-08-2022,Acquired,United States,71
Sendy,Nairobi,Logistics,30,0.1,02-08-2022,Series B,Kenya,26
Stedi,Boulder,Product,23,0.3,02-08-2022,Series B,United States,75
Glossier,New York City,Retail,19,0.08,02-08-2022,Series E,United States,266
Hash,Sao Paulo,Finance,58,0.5,01-08-2022,Series C,Brazil,58
Metigy,Sydney,Marketing,75,1,31-07-2022,Series B,Australia,18
Vee,Tel Aviv,HR,16,0.32,31-07-2022,Seed,Israel,15
Ola,Bengaluru,Transportation,1000,,29-07-2022,Series J,India,5000
Clearco,Toronto,Finance,125,0.25,29-07-2022,Series C,Canada,681
Imperfect Foods,SF Bay Area,Food,50,,29-07-2022,Series D,United States,229
Shelf Engine,Seattle,Food,43,,29-07-2022,Series B,United States,58
Quantcast,SF Bay Area,Marketing,40,0.06,29-07-2022,Series C,United States,65
Sherpa,Toronto,Travel,22,,29-07-2022,Unknown,Canada,11
Ribbon,New York City,Real Estate,136,,28-07-2022,Series C,United States,405
Career Karma,SF Bay Area,Education,60,0.33,28-07-2022,Series B,United States,51
Metromile,SF Bay Area,Finance,60,0.2,28-07-2022,Acquired,United States,510
Laybuy,Auckland,Finance,45,,28-07-2022,IPO,New Zealand,130
Allbirds,SF Bay Area,Retail,23,,28-07-2022,IPO,United States,202
TextNow,Waterloo,Consumer,22,,28-07-2022,Seed,Canada,1
Rivian,Detroit,Transportation,840,0.06,27-07-2022,IPO,United States,10700
Vox Media,Washington D.C.,Media,39,0.02,27-07-2022,Series F,United States,307
Coinsquare,Toronto,Crypto,30,0.24,27-07-2022,Unknown,Canada,98
Skai,Tel Aviv,Marketing,30,0.04,27-07-2022,Series E,Israel,60
Shopify,Ottawa,Retail,1000,0.1,26-07-2022,IPO,Canada,122
McMakler,Berlin,Real Estate,90,,26-07-2022,Unknown,Germany,214
Fiverr,Tel Aviv,Other,60,0.08,26-07-2022,IPO,Israel,111
InDebted,Sydney,Finance,40,0.17,26-07-2022,Series B,Australia,41
Outbrain,New York City,Marketing,38,0.03,26-07-2022,IPO,United States,394
Dover,SF Bay Area,Recruiting,23,0.3,26-07-2022,Series A,United States,22
Immutable,Sydney,Crypto,20,0.06,26-07-2022,Series C,Australia,279
Zymergen,SF Bay Area,Other,80,,25-07-2022,Acquired,United States,974
Pear Therapeutics,Boston,Healthcare,25,0.09,25-07-2022,IPO,United States,409
Soluto,Tel Aviv,Support,120,1,24-07-2022,Acquired,Israel,18
Eucalyptus,Sydney,Healthcare,50,0.2,22-07-2022,Series C,United States,69
Workstream,SF Bay Area,HR,45,,22-07-2022,Series B,United States,58
Quanto,Sao Paulo,Finance,28,0.22,22-07-2022,Series A,Brazil,15
Clarify Health,SF Bay Area,Healthcare,15,0.05,22-07-2022,Series D,United States,328
Blockchain.com,London,Crypto,150,0.25,21-07-2022,Series D,United Kingdom,490
Callisto Media,SF Bay Area,Media,140,0.35,21-07-2022,Series D,United States,
AppGate,Miami,Security,130,0.22,21-07-2022,IPO,United States,
WHOOP,Boston,Fitness,95,0.15,21-07-2022,Series F,United States,404
Rad Power Bikes,Seattle,Transportation,63,0.1,21-07-2022,Series D,United States,329
Lunchbox,New York City,Food,60,0.33,21-07-2022,Series B,United States,72
RealSelf,Seattle,Healthcare,11,0.05,21-07-2022,Series B,United States,42
Just Eat Takeaway,Amsterdam,Food,390,,20-07-2022,IPO,Netherlands,2800
Flyhomes,Seattle,Real Estate,200,0.2,20-07-2022,Series C,United States,310
Varo,SF Bay Area,Finance,75,,20-07-2022,Series E,United States,992
BlueStacks,SF Bay Area,Other,60,,20-07-2022,Series C,United States,48
Lyft,SF Bay Area,Transportation,60,0.02,20-07-2022,IPO,United States,4900
Introhive,Ferdericton,Sales,57,0.16,20-07-2022,Series C,Canada,125
Zencity,Tel Aviv,Other,30,0.2,20-07-2022,Unknown,Israel,51
Splice,New York City,Media,23,,20-07-2022,Series D,United States,159
Forma.ai,Toronto,Sales,15,0.09,20-07-2022,Series B,Canada,58
Arc,SF Bay Area,HR,13,,20-07-2022,Seed,United States,1
Invitae,SF Bay Area,Healthcare,1000,,19-07-2022,IPO,United States,2000
Olive,Columbus,Healthcare,450,0.31,19-07-2022,Series H,United States,856
M1,Chicago,Finance,38,,19-07-2022,Series E,United States,323
SellerX,Berlin,Retail,28,,19-07-2022,Unknown,Germany,766
Stint,London,HR,28,0.2,19-07-2022,Unknown,United Kingdom,
PACT Pharma,SF Bay Area,Healthcare,94,,18-07-2022,Series C,United States,200
Gemini,New York City,Crypto,68,0.07,18-07-2022,Unknown,United States,423
Lusha,New York City,Marketing,30,0.1,18-07-2022,Series B,United States,245
Bright Money,Bengaluru,Finance,100,0.5,15-07-2022,Series A,India,31
Project44,Chicago,Logistics,63,0.05,15-07-2022,Unknown,United States,817
Heroes,London,Retail,24,0.2,15-07-2022,Unknown,United States,265
Aspire,SF Bay Area,Marketing,23,,15-07-2022,Series A,United States,27
Zego,London,Finance,85,0.17,14-07-2022,Series C,United Kingdom,202
The Mom Project,Chicago,HR,54,0.15,14-07-2022,Series C,United States,115
Unstoppable Domains,SF Bay Area,Crypto,42,0.25,14-07-2022,Series B,United States,7
Kiavi,SF Bay Area,Real Estate,39,0.07,14-07-2022,Series E,United States,240
Wave,Dakar,Finance,300,0.15,13-07-2022,Series A,Senegal,292
Tonal,SF Bay Area,Fitness,262,0.35,13-07-2022,Series E,United States,450
Fabric,New York City,Logistics,120,0.4,13-07-2022,Series C,United States,336
Bryter,Berlin,Product,100,0.3,13-07-2022,Series B,Germany,89
ChowNow,Los Angeles,Food,100,0.2,13-07-2022,Series C,United States,64
Involves,Florianópolis,Retail,70,0.18,13-07-2022,Unknown,Brazil,23
100 Thieves,Los Angeles,Consumer,12,,13-07-2022,Series C,United States,120
Nuro,SF Bay Area,Transportation,7,,13-07-2022,Series D,United States,2100
Gopuff,Philadelphia,Food,1500,0.1,12-07-2022,Series H,United States,3400
Fraazo,Mumbai,Food,150,,12-07-2022,Series B,India,63
Babylon,London,Healthcare,100,,12-07-2022,IPO,United Kingdom,1100
Hubilo,SF Bay Area,Marketing,45,0.12,12-07-2022,Series B,United States,153
Hopin,London,Other,242,0.29,11-07-2022,Series D,United Kingdom,1000
Alice,Sao Paulo,Healthcare,63,,11-07-2022,Series C,Brazil,174
SundaySky,New York City,Marketing,24,0.13,11-07-2022,Series D,United States,74
PuduTech,Shenzen,Other,1500,,08-07-2022,Series C,China,184
Butler Hospitality,New York City,Food,1000,1,08-07-2022,Series B,United States,50
Calibrate,New York City,Healthcare,156,0.24,08-07-2022,Series B,United States,127
Argo AI,Pittsburgh,Transportation,150,0.05,07-07-2022,Unknown,United States,3600
Next Insurance,SF Bay Area,Finance,150,0.17,07-07-2022,Series E,United States,881
Adwerx,Durham,Marketing,40,,07-07-2022,Unknown,United States,20
Emotive,Los Angeles,Marketing,30,0.18,07-07-2022,Series B,United States,78
Remote,SF Bay Area,HR,100,0.09,06-07-2022,Series C,United States,496
Shopify,Ottawa,Retail,50,,06-07-2022,IPO,Canada,122
Anodot,Tel Aviv,Data,35,0.27,06-07-2022,Series C,United States,64
SQream,New York City,Data,30,0.18,06-07-2022,Series B,United States,77
Loft,Sao Paulo,Real Estate,384,0.12,05-07-2022,Unknown,Brazil,788
Bizzabo,New York City,Marketing,120,0.3,05-07-2022,Series E,United States,194
eToro,Tel Aviv,Finance,100,0.06,05-07-2022,Unknown,Israel,322
Verbit,New York City,Data,80,0.1,05-07-2022,Series E,United States,569
Outschool,SF Bay Area,Education,31,0.18,05-07-2022,Series D,United States,240
Bullish,Hong Kong,Crypto,30,0.08,05-07-2022,Unknown,Hong Kong,300
Transmit Security,Boston,Security,27,0.07,05-07-2022,Series A,United States,583
Thimble,New York City,Finance,20,0.33,05-07-2022,Series A,United States,28
Syte,Tel Aviv,Retail,13,0.08,05-07-2022,Series C,Israel,71
Lightricks,Jerusalem,Consumer,80,0.12,04-07-2022,Series D,Israel,335
Chessable,London,Consumer,29,,04-07-2022,Acquired,United Kingdom,0
Sendle,Sydney,Logistics,27,0.12,04-07-2022,Series C,Australia,69
Lendis,Berlin,Other,18,0.15,04-07-2022,Series A,Germany,90
Gorillas,Berlin,Food,540,,03-07-2022,Series C,Germany,1300
Celsius,New York City,Crypto,150,0.25,03-07-2022,Series B,United States,864
WanderJaunt,SF Bay Area,Travel,85,1,01-07-2022,Series B,United States,26
Canoo,Los Angeles,Transportation,58,0.06,01-07-2022,IPO,United States,300
Bamboo Health,Louisville,Healthcare,52,,01-07-2022,Unknown,United States,
Teleport,SF Bay Area,Infrastructure,15,0.06,01-07-2022,Series C,United States,169
Enjoy,SF Bay Area,Retail,400,0.18,30-06-2022,IPO,United States,310
Crejo.Fun,Bengaluru,Education,170,1,30-06-2022,Seed,India,3
Stash Financial,New York City,Finance,40,0.08,30-06-2022,Unknown,United States,480
Nate,New York City,Retail,30,0.2,30-06-2022,Series A,United States,47
Snyk,Boston,Security,30,,30-06-2022,Series F,United States,849
Stream,Boulder,Product,20,0.12,30-06-2022,Series B,United States,58
Finleap Connect,Hamburg,Finance,14,0.1,30-06-2022,Series A,Germany,22
Abra,SF Bay Area,Crypto,12,0.05,30-06-2022,Series C,United States,106
Toppr,Mumbai,Education,350,,29-06-2022,Acquired,India,112
Unity,SF Bay Area,Other,200,0.04,29-06-2022,IPO,United States,1300
Niantic,SF Bay Area,Consumer,85,0.08,29-06-2022,Series D,United States,770
AvantStay,Los Angeles,Travel,80,,29-06-2022,Unknown,United States,811
Qumulo,Seattle,Data,80,0.19,29-06-2022,Series E,United States,347
Clutch,Toronto,Transportation,76,0.22,29-06-2022,Series B,Canada,153
Parallel Wireless,Nashua,Infrastructure,60,,29-06-2022,Unknown,United States,8
Oye Rickshaw,New Delhi,Transportation,40,0.2,29-06-2022,Unknown,India,13
Rows,Berlin,Other,18,0.3,29-06-2022,Series B,Germany,25
Baton,SF Bay Area,Transportation,16,0.25,29-06-2022,Series A,United States,13
Substack,SF Bay Area,Media,13,0.14,29-06-2022,Series B,United States,82
Huobi,Beijing,Crypto,300,0.3,28-06-2022,Unknown,China,2
WhiteHat Jr,Mumbai,Education,300,,28-06-2022,Acquired,India,11
StockX,Detroit,Retail,120,0.08,28-06-2022,Series E,United States,690
Sidecar Health,Los Angeles,Healthcare,110,0.4,28-06-2022,Series C,United States,163
StockX,Detroit,Retail,80,,28-06-2022,Series E,United States,690
Vezeeta,Dubai,Healthcare,50,0.1,28-06-2022,Series D,United Arab Emirates,71
Bright Machines,SF Bay Area,Data,30,0.08,28-06-2022,Unknown,Israel,250
HealthMatch,Sydney,Healthcare,18,0.5,28-06-2022,Series B,Australia,20
AppLovin,SF Bay Area,Marketing,300,0.12,27-06-2022,IPO,United States,1600
UiPath,New York City,Data,210,0.05,27-06-2022,IPO,United States,2000
Udaan,Bengaluru,Retail,180,0.04,27-06-2022,Unknown,India,1500
Cue,San Diego,Healthcare,170,,27-06-2022,IPO,United States,999
Banxa,Melbourne,Crypto,70,0.3,27-06-2022,IPO,Australia,13
SafeGraph,SF Bay Area,Data,27,0.25,27-06-2022,Series B,United States,61
Postscript,SF Bay Area,Marketing,43,,26-06-2022,Series C,United States,106
Bitpanda,Vienna,Crypto,270,0.27,24-06-2022,Series C,Austria,546
Sunday,Atlanta,Finance,90,0.23,24-06-2022,Series A,United States,124
Bestow,Dallas,Finance,41,0.14,24-06-2022,Series C,United States,137
Ethos Life,SF Bay Area,Finance,40,0.12,24-06-2022,Series D,United States,406
Netflix,SF Bay Area,Media,300,0.03,23-06-2022,IPO,United States,121900
Aura,Boston,Security,70,0.09,23-06-2022,Series F,United States,500
Pipl,Spokane,Security,22,0.13,23-06-2022,Unknown,United States,19
Vouch,SF Bay Area,Finance,15,0.07,23-06-2022,Series C,United States,159
Voyage SMS,Los Angeles,Marketing,8,0.13,23-06-2022,Unknown,United States,10
MasterClass,SF Bay Area,Education,120,0.2,22-06-2022,Series E,United States,461
IronNet,Washington D.C.,Security,90,0.35,22-06-2022,IPO,United States,410
Bungalow,SF Bay Area,Real Estate,70,,22-06-2022,Series C,United States,171
IronNet,Washington D.C.,Security,55,0.17,22-06-2022,IPO,United States,410
Sprinklr,New York City,Support,50,,22-06-2022,IPO,United States,429
Superpedestrian,Boston,Transportation,35,0.07,22-06-2022,Series C,United States,261
Voi,Stockholm,Transportation,35,0.1,22-06-2022,Series D,United States,515
Balto,St. Louis,Sales,30,,22-06-2022,Series B,United States,51
Ritual,Toronto,Food,23,0.16,22-06-2022,Series C,Canada,134
Ebanx,Curitiba,Finance,340,0.2,21-06-2022,Series B,Brazil,460
TaskUs,Los Angeles,Support,52,0,21-06-2022,IPO,United States,279
Community,Los Angeles,Marketing,40,0.3,21-06-2022,Unknown,United States,40
Sourcegraph,SF Bay Area,Product,24,0.08,21-06-2022,Series D,United States,248
Bybit,Singapore,Crypto,600,0.3,20-06-2022,Unknown,Singapore,
SummerBio,SF Bay Area,Healthcare,101,1,20-06-2022,Unknown,United States,7
Trax,Singapore,Retail,100,0.12,20-06-2022,Series E,Singapore,1000
Aqgromalin,Chennai,Food,80,0.3,20-06-2022,Unknown,India,12
Bonsai,Toronto,Retail,30,0.55,20-06-2022,Series A,Canada,27
Brighte,Sydney,Energy,30,0.15,20-06-2022,Series C,Australia,145
CityMall,Gurugram,Retail,191,0.3,19-06-2022,Series C,India,112
BitOasis,Dubai,Crypto,9,0.05,19-06-2022,Series B,United Arab Emirates,30
Unacademy,Bengaluru,Education,150,0.03,18-06-2022,Series H,India,838
Bytedance,Shanghai,Consumer,150,,17-06-2022,Unknown,China,9400
Socure,Reno,Finance,69,0.13,17-06-2022,Series E,United States,646
Finite State,Columbus,Security,16,0.2,17-06-2022,Series B,United States,49
JOKR,New York City,Food,50,0.05,16-06-2022,Series B,United States,430
Zumper,SF Bay Area,Real Estate,45,0.15,16-06-2022,Series D,United States,178
PharmEasy,Mumbai,Healthcare,40,,16-06-2022,Unknown,India,1600
Swappie,Helsinki,Retail,250,0.17,15-06-2022,Series C,Finland,169
Wealthsimple,Toronto,Finance,159,0.13,15-06-2022,Unknown,Canada,900
Weee!,SF Bay Area,Food,150,0.1,15-06-2022,Series E,United States,863
Notarize,Boston,Legal,110,0.25,15-06-2022,Series D,United States,213
Elementor,Tel Aviv,Media,60,0.15,15-06-2022,Unknown,Israel,65
Tonkean,SF Bay Area,Other,23,0.23,15-06-2022,Series B,United States,83
Airtame,Copenhagen,Consumer,15,,15-06-2022,Unknown,Denmark,7
OpenWeb,Tel Aviv,Media,14,0.05,15-06-2022,Series E,Israel,223
Swyft,Toronto,Logistics,10,0.3,15-06-2022,Series A,Canada,20
Coinbase,SF Bay Area,Crypto,1100,0.18,14-06-2022,IPO,United States,549
Redfin,Seattle,Real Estate,470,0.08,14-06-2022,IPO,United States,319
Compass,New York City,Real Estate,450,0.1,14-06-2022,IPO,United States,1600
Sami,Sao Paulo,Healthcare,75,0.15,14-06-2022,Unknown,Brazil,36
Breathe,New Delhi,Healthcare,50,0.33,14-06-2022,Series A,India,6
Hunty,Bogota,HR,30,,14-06-2022,Seed,Colombia,6
TIFIN,Boulder,Crypto,24,0.1,14-06-2022,Series D,United States,204
BlockFi,New York City,Crypto,250,0.2,13-06-2022,Series E,United States,1000
Wave Sports and Entertainment,Los Angeles,Media,56,0.33,13-06-2022,Series B,United States,65
Studio,SF Bay Area,Education,33,0.4,13-06-2022,Series B,United States,50
Crypto.com,Singapore,Crypto,260,0.05,10-06-2022,Unknown,Singapore,156
FarEye,New Delhi,Logistics,250,0.3,10-06-2022,Series E,India,150
Berlin Brands Group,Berlin,Retail,100,0.1,10-06-2022,Unknown,Germany,1000
Sanar,Sao Paulo,Healthcare,60,0.2,10-06-2022,Unknown,Brazil,11
Freetrade,London,Finance,45,0.15,10-06-2022,Unknown,United Kingdom,133
Albert,Los Angeles,Finance,20,0.08,10-06-2022,Series C,United States,175
OneTrust,Atlanta,Security,950,0.25,09-06-2022,Series C,United States,926
Stitch Fix,SF Bay Area,Retail,330,0.15,09-06-2022,IPO,United States,79
Daniel Wellington,Stockholm,Retail,200,0.15,09-06-2022,Unknown,Sweden,
Convoy,Seattle,Logistics,90,0.07,09-06-2022,Series E,United States,1100
Hologram,Chicago,Infrastructure,80,0.4,09-06-2022,Series B,United States,82
Boozt,Malmo,Retail,70,0.05,09-06-2022,IPO,Sweden,56
The Grommet,Boston,Retail,40,1,09-06-2022,Acquired,United States,5
Stashaway,Singapore,Finance,31,0.14,09-06-2022,Series D,Singapore,61
Preply,Boston,Education,26,0.05,09-06-2022,Series C,United States,100
Sonder,SF Bay Area,Travel,250,0.21,08-06-2022,IPO,United States,839
Kavak,Sao Paulo,Transportation,150,,08-06-2022,Series E,Brazil,1600
Truepill,SF Bay Area,Healthcare,150,0.15,08-06-2022,Series D,United States,255
iPrice Group,Kuala Lumpur,Retail,50,0.2,08-06-2022,Unknown,Malaysia,26
Cazoo,London,Transportation,750,0.15,07-06-2022,IPO,United Kingdom,2000
Cazoo,London,Transportation,750,0.15,07-06-2022,IPO,United Kingdom,2000
Rupeek,Bengaluru,Finance,180,0.15,07-06-2022,Unknown,India,172
Lummo,Jakarta,Marketing,150,,07-06-2022,Series C,Indonesia,149
Bird,Los Angeles,Transportation,138,0.23,07-06-2022,IPO,United States,783
ID.me,Washington D.C.,Security,130,,07-06-2022,Unknown,United States,275
KiwiCo,SF Bay Area,Retail,40,,07-06-2022,Unknown,United States,11
Clearco,Toronto,Finance,60,,06-06-2022,Series C,Canada,681
Dutchie,Bend,Other,50,0.07,06-06-2022,Series D,United States,603
Eruditus,Mumbai,Education,40,,04-06-2022,Series E,India,1200
Superhuman,SF Bay Area,Consumer,23,0.22,03-06-2022,Series C,United States,108
Food52,New York City,Food,21,0.15,03-06-2022,Acquired,United States,176
Carbon Health,SF Bay Area,Healthcare,250,0.08,02-06-2022,Series D,United States,522
Favo,Sao Paulo,Food,170,,02-06-2022,Series A,Brazil,31
PolicyGenius,New York City,Finance,170,0.25,02-06-2022,Series E,United States,286
Yojak,Gurugram,Construction,140,0.5,02-06-2022,Seed,India,3
Envato,Melbourne,Marketing,100,,02-06-2022,Unknown,Australia,
Gemini,New York City,Crypto,100,0.1,02-06-2022,Unknown,United States,423
Stord,Atlanta,Logistics,59,0.08,02-06-2022,Series D,United States,325
Gather,SF Bay Area,Consumer,30,0.33,02-06-2022,Series B,United States,76
Shef,SF Bay Area,Food,29,,02-06-2022,Series A,United States,28
IRL,SF Bay Area,Consumer,25,0.25,02-06-2022,Series C,United States,197
Cybereason,Boston,Security,100,0.06,01-06-2022,Series F,United States,750
Udayy,Gurugram,Education,100,1,01-06-2022,Seed,India,2
2TM,Sao Paulo,Crypto,90,0.12,01-06-2022,Unknown,Brazil,250
Curve,London,Finance,65,0.1,01-06-2022,Series C,United Kingdom,182
Loom,SF Bay Area,Product,34,0.14,01-06-2022,Series C,United States,203
Skillshare,New York City,Education,31,,01-06-2022,Unknown,United States,136
Impala,London,Travel,30,0.35,01-06-2022,Series B,United Kingdom,32
Eaze,SF Bay Area,Consumer,25,,01-06-2022,Series D,United States,202
Playtika,Tel Aviv,Consumer,250,0.06,31-05-2022,IPO,Israel,
Replicated,Los Angeles,Infrastructure,50,,31-05-2022,Series C,United States,85
Tomo,Stamford,Finance,44,0.33,31-05-2022,Series A,United States,110
Getta,Tel Aviv,Transportation,30,,31-05-2022,Series A,Israel,49
BookClub,Salt Lake City,Education,12,0.25,31-05-2022,Series A,United States,26
SWVL,Dubai,Transportation,400,0.32,30-05-2022,IPO,United Arab Emirates,132
Mobile Premier League,Bengaluru,Consumer,100,0.1,30-05-2022,Series E,India,375
SumUp,Sao Paulo,Finance,100,0.03,30-05-2022,Unknown,Brazil,50
FrontRow,Bengaluru,Education,145,0.3,27-05-2022,Series A,India,17
Daloopa,New Delhi,Data,40,,27-05-2022,Series A,India,23
Uncapped,London,Finance,29,0.26,27-05-2022,Unknown,United Kingdom,118
VTEX,Sao Paulo,Retail,200,0.13,26-05-2022,IPO,Brazil,365
Bitso,Mexico City,Crypto,80,0.11,26-05-2022,Series C,Mexico,378
Foodpanda,Bucharest,Food,80,,26-05-2022,Acquired,Romania,749
Dazn,London,Consumer,50,0.02,26-05-2022,Unknown,United Kingdom,
Lacework,SF Bay Area,Security,300,0.2,25-05-2022,Series D,United States,1900
Bolt,SF Bay Area,Finance,240,0.27,25-05-2022,Series E,United States,1300
PeerStreet,Los Angeles,Finance,75,,25-05-2022,Series C,United States,121
Kontist,Berlin,Finance,50,0.25,25-05-2022,Series B,Germany,53
Nuri,Berlin,Finance,45,0.2,25-05-2022,Series B,Germany,42
Coterie Insurance,Cincinnati,Finance,30,0.2,25-05-2022,Series B,United States,70
Gorillas,Berlin,Food,300,0.5,24-05-2022,Series C,Germany,1300
Zenius,Jakarta,Education,200,,24-05-2022,Series B,Indonesia,20
The Zebra,Austin,Finance,40,,24-05-2022,Series D,United States,256
Klarna,Stockholm,Finance,700,0.1,23-05-2022,Unknown,Sweden,3700
PayPal,SF Bay Area,Finance,83,,23-05-2022,IPO,United States,216
Buenbit,Buenos Aires,Crypto,80,0.45,23-05-2022,Series A,Argentina,11
BeyondMinds,Tel Aviv,Data,65,1,23-05-2022,Series A,Israel,16
ClickUp,San Diego,Other,60,0.07,23-05-2022,Series C,United States,537
Airtime,New York City,Consumer,30,0.2,23-05-2022,Series B,United States,33
MFine,Bengaluru,Healthcare,600,0.75,21-05-2022,Series C,India,97
Latch,New York City,Security,130,0.28,20-05-2022,IPO,United States,342
Outside,Boulder,Media,87,0.15,20-05-2022,Series B,United States,174
Skillz,SF Bay Area,Consumer,70,0.1,20-05-2022,IPO,United States,287
Cars24,Gurugram,Transportation,600,0.06,19-05-2022,Series G,India,1300
Vedantu,Bengaluru,Education,424,0.07,18-05-2022,Series E,India,292
Netflix,SF Bay Area,Media,150,0.01,17-05-2022,IPO,United States,121900
Kry,Stockholm,Healthcare,100,0.1,17-05-2022,Series D,Sweden,568
Picsart,Miami,Consumer,90,0.08,17-05-2022,Series C,United States,195
Zak,Sao Paulo,Food,100,0.4,16-05-2022,Series A,United States,29
AliExpress Russia,Moscow,Retail,400,0.4,14-05-2022,Acquired,Russia,60
Thirty Madison,New York City,Healthcare,24,,14-05-2022,Acquired,United States,209
CommonBond,New York City,Finance,22,,13-05-2022,Series D,United States,130
Zwift,Los Angeles,Fitness,150,,12-05-2022,Series C,United States,619
Section4,New York City,Education,32,,12-05-2022,Series A,United States,37
DataRobot,Boston,Data,70,0.07,11-05-2022,Series G,United States,1000
Carvana,Phoenix,Transportation,2500,0.12,10-05-2022,IPO,United States,1600
Doma,SF Bay Area,Finance,310,0.15,10-05-2022,IPO,United States,679
Pollen,London,Travel,200,0.33,10-05-2022,Series C,United Kingdom,238
Latch,New York City,Security,30,0.06,10-05-2022,IPO,United States,342
Vroom,New York City,Transportation,270,0.14,09-05-2022,IPO,United States,1300
Reef,Miami,Transportation,750,0.05,06-05-2022,Unknown,United States,1500
divvyDOSE,Davenport,Healthcare,62,,06-05-2022,Acquired,United States,0
Vedantu,Bengaluru,Education,200,0.03,05-05-2022,Series E,India,292
Mural,SF Bay Area,Product,90,0.1,05-05-2022,Series C,United States,192
On Deck,SF Bay Area,Education,72,0.25,05-05-2022,Series A,United States,20
SEND,Sydney,Food,300,1,04-05-2022,Seed,Australia,3
Colossus,Boston,Energy,97,,04-05-2022,Series A,United States,41
Cameo,Chicago,Consumer,87,0.25,04-05-2022,Unknown,United States,165
Mainstreet,SF Bay Area,Finance,45,0.3,04-05-2022,Series A,United States,64
Ideoclick,Seattle,Retail,40,,04-05-2022,Series A,United States,7
Vise,New York City,Finance,25,,04-05-2022,Series C,United States,128
Avo,Tel Aviv,Food,500,0.67,01-05-2022,Series B,Israel,45
Noom,New York City,Healthcare,495,,29-04-2022,Series F,United States,657
Domestika,SF Bay Area,Education,150,0.19,28-04-2022,Series D,United States,130
Netflix,SF Bay Area,Media,25,,28-04-2022,IPO,United States,121900
Wahoo Fitness,Atlanta,Fitness,50,,27-04-2022,Unknown,United States,
Robinhood,SF Bay Area,Finance,340,0.09,26-04-2022,IPO,United States,5600
Bonsai,Toronto,Retail,29,0.34,26-04-2022,Series A,Canada,27
Clyde,New York City,Marketing,22,,25-04-2022,Series B,United States,58
Xiaohongshu,Shanghai,Consumer,180,0.09,21-04-2022,Series E,China,917
Facily,Sao Paulo,Retail,260,0.3,20-04-2022,Series D,Brazil,502
Lemonade,New York City,Finance,52,,20-04-2022,IPO,United States,481
Blend,SF Bay Area,Finance,200,0.1,19-04-2022,IPO,United States,665
QuintoAndar,Sao Paulo,Real Estate,160,0.04,19-04-2022,Series E,Brazil,755
Loft,Sao Paulo,Real Estate,159,,19-04-2022,Unknown,Brazil,788
Humble,SF Bay Area,Media,10,,15-04-2022,Acquired,United States,4
Ahead,SF Bay Area,Healthcare,44,1,14-04-2022,Unknown,United States,9
Rad Power Bikes,Seattle,Transportation,100,0.14,12-04-2022,Series D,United States,329
Meesho,Bengaluru,Retail,150,,11-04-2022,Series F,India,1100
Food52,New York City,Food,20,0.1,08-04-2022,Acquired,United States,176
Unacademy,Bengaluru,Education,1000,0.17,07-04-2022,Series H,India,838
Goodfood,Calgary,Food,70,,07-04-2022,IPO,Canada,16
Workrise,Austin,Energy,450,,05-04-2022,Series E,United States,752
BitMEX,Non-U.S.,Crypto,75,0.25,04-04-2022,Seed,Seychelles,0
Legible,Vancouver,Media,23,0.38,04-04-2022,IPO,Canada,3
Sea,Bengaluru,Retail,350,,30-03-2022,IPO,India,8600
Rasa,Berlin,Data,59,0.4,30-03-2022,Series B,Germany,40
Gopuff,Philadelphia,Food,450,0.03,29-03-2022,Series H,United States,3400
Thinkific,Vancouver,Education,100,0.2,29-03-2022,IPO,Canada,22
Furlenco,Bengaluru,Retail,180,,26-03-2022,Series D,India,228
Storytel,Stockholm,Media,100,0.1,17-03-2022,IPO,Sweden,275
Curology,SF Bay Area,Healthcare,150,,16-03-2022,Series D,United States,19
Trell,Bengaluru,Retail,300,0.5,15-03-2022,Series B,India,62
Knock,New York City,Real Estate,115,0.46,15-03-2022,Unknown,United States,654
Better.com,New York City,Real Estate,3000,0.33,08-03-2022,Unknown,United States,905
Adaptive Biotechnologies,Seattle,Healthcare,100,0.12,08-03-2022,IPO,United States,406
Hyperscience,New York City,Data,100,0.25,03-03-2022,Series E,United States,289
WeDoctor,Non-U.S.,Healthcare,500,,02-03-2022,Series F,China,1400
Wish,SF Bay Area,Retail,190,0.15,01-03-2022,IPO,United States,1600
OKCredit,New Delhi,Finance,30,,24-02-2022,Series B,India,85
Lido,Mumbai,Education,150,,21-02-2022,Series A,India,24
Virgin Hyperloop,Los Angeles,Transportation,111,0.5,21-02-2022,Unknown,United States,368
Trustly,Stockholm,Finance,120,,17-02-2022,Acquired,Sweden,28
Liv Up,Sao Paulo,Food,100,0.15,16-02-2022,Series D,Brazil,118
Homie,Salt Lake City,Real Estate,119,0.29,14-02-2022,Series B,United States,35
Hopin,London,Other,138,0.12,10-02-2022,Series D,United States,1000
Peloton,New York City,Fitness,2800,0.2,08-02-2022,IPO,United States,1900
Rhino,New York City,Real Estate,57,0.2,03-02-2022,Unknown,United States,133
Gopuff,Philadelphia,Food,100,,26-01-2022,Series H,United States,3400
Glossier,New York City,Consumer,80,0.33,26-01-2022,Series E,United States,266
Root Insurance,Columbus,Finance,330,,20-01-2022,IPO,United States,527
Pegasystems,Boston,HR,245,0.04,03-01-2022,IPO,United States,
Delivery Hero,Berlin,Food,300,,22-12-2021,IPO,Germany,8300
Better.com,New York City,Real Estate,900,0.09,01-12-2021,Unknown,United States,905
BitTitan,Seattle,Data,70,0.27,18-11-2021,Acquired,United States,46
Zillow,Seattle,Real Estate,2000,0.25,02-11-2021,IPO,United States,97
InVision,New York City,Product,22,,05-10-2021,Unknown,United States,356
Zymergen,SF Bay Area,Other,120,,23-09-2021,IPO,United States,974
Treehouse,Portland,Education,41,0.9,14-09-2021,Series B,United States,12
Tanium,Seattle,Security,30,,30-08-2021,Unknown,United States,1000
Flockjay,SF Bay Area,Education,37,0.5,24-08-2021,Series A,United States,14
Bytedance,Shanghai,Consumer,1800,,05-08-2021,Unknown,China,9400
Pagarbook,Bengaluru,HR,80,,26-07-2021,Series A,India,17
Katerra,SF Bay Area,Construction,2434,1,01-06-2021,Unknown,United States,1600
Lambda School,SF Bay Area,Education,65,,29-04-2021,Series C,United States,122
Patreon,SF Bay Area,Media,36,,26-04-2021,Series D,United States,165
New Relic,SF Bay Area,Infrastructure,160,0.07,06-04-2021,IPO,United States,214.5
HuffPo,New York City,Media,47,,09-03-2021,Acquired,United States,37
Ninjacart,Bengaluru,Food,200,,23-02-2021,Unknown,India,194
Bounce,Bengaluru,Transportation,200,0.4,22-02-2021,Series D,India,214.2
ThredUp,Chicago,Retail,243,,09-02-2021,Series F,United States,305
Indigo,Boston,Other,80,,09-02-2021,Series F,United States,1200
Limelight,New York City,Recruiting,13,1,04-02-2021,Unknown,United States,
Quandoo,Berlin,Food,87,0.2,03-02-2021,Acquired,Germany,39
Hubba,Toronto,Retail,45,1,01-02-2021,Series B,Canada,61
Bytedance,Mumbai,Consumer,1800,,27-01-2021,Unknown,India,7400
Privitar,London,Data,20,,27-01-2021,Series C,United Kingdom,150
Postmates,SF Bay Area,Food,180,0.15,23-01-2021,Acquired,United States,763
Instacart,SF Bay Area,Food,1877,,21-01-2021,Unknown,United States,2400
Pocketmath,Singapore,Marketing,21,1,20-01-2021,Unknown,Singapore,20
Dropbox,SF Bay Area,Other,315,0.15,13-01-2021,IPO,United States,1700
WhiteHat Jr,Mumbai,Education,1800,,06-01-2021,Acquired,India,11
Pulse Secure,SF Bay Area,Security,78,,23-12-2020,Acquired,United States,
Breather,Montreal,Real Estate,120,0.8,16-12-2020,Series D,Canada,131
Actifio,Boston,Data,54,,16-12-2020,Acquired,United States,352
OYO,Gurugram,Travel,600,,08-12-2020,Series F,India,3200
Aya,Toronto,Finance,5,0.25,19-11-2020,Seed,United States,3
Bridge Connector,Nashville,Healthcare,154,1,17-11-2020,Series B,United States,45
Tidepool,SF Bay Area,Healthcare,18,0.4,17-11-2020,Unknown,United States,
Worksmith,Austin,Retail,30,0.5,09-11-2020,Unknown,United States,3.8
Remedy,Austin,Healthcare,82,,29-10-2020,Series A,United States,12.5
Knotel,New York City,Real Estate,20,0.08,29-10-2020,Series C,United States,560
CodeCombat,SF Bay Area,Education,8,,23-10-2020,Series A,United States,8
GetYourGuide,Berlin,Travel,90,0.17,14-10-2020,Series E,Germany,656
OLX India,New Delhi,Marketing,250,,10-10-2020,Acquired,India,28
Alto Pharmacy,SF Bay Area,Healthcare,47,0.06,29-09-2020,Series D,United States,356
NS8,Las Vegas,Data,240,0.95,11-09-2020,Series A,United States,157.9
Bleacher Report,London,Media,20,,11-09-2020,Acquired,United Kingdom,40.5
Waze,SF Bay Area,Transportation,30,0.054,09-09-2020,Acquired,United States,67
Big Fish Games,Seattle,Media,250,,01-09-2020,Acquired,United States,95.2
GoBear,Singapore,Finance,22,0.11,01-09-2020,Unknown,Singapore,97
MakeMyTrip,New Delhi,Travel,350,0.1,31-08-2020,IPO,India,548
Salesforce,SF Bay Area,Sales,1000,0.0185,26-08-2020,IPO,United States,65.4
Superloop,Brisbane,Infrastructure,30,,24-08-2020,IPO,Australia,36
Docly,London,Healthcare,8,0.8,19-08-2020,Seed,United Kingdom,15.5
Shopify,Ottawa,Retail,30,,14-08-2020,IPO,Canada,122.3
Mozilla,SF Bay Area,Consumer,250,0.25,11-08-2020,Unknown,United States,2.3
Eatsy,Singapore,Food,20,1,08-08-2020,Seed,Singapore,0.9755
Glossier,New York City,Retail,150,0.38,07-08-2020,Series D,United States,186.4
Thriver,Toronto,Food,75,0.5,06-08-2020,Series B,Canada,53
Vesta,Atlanta,Sales,56,,05-08-2020,Unknown,United States,20
Booking.com,Amsterdam,Travel,4375,0.25,30-07-2020,Acquired,Netherlands,
Buy.com / Rakuten,SF Bay Area,Retail,87,1,30-07-2020,Acquired,United States,42.4
Procore,Los Angeles,Construction,180,0.09,28-07-2020,Unknown,United States,649
Swiggy,Bengaluru,Food,350,0.05,27-07-2020,Series I,India,1600
Zeitgold,Berlin,Finance,75,0.72,27-07-2020,Series B,Germany,60.18
Checkr,SF Bay Area,HR,64,0.12,23-07-2020,Series D,United States,309
LinkedIn,SF Bay Area,Recruiting,960,0.06,21-07-2020,Acquired,United States,154
Lighter Capital,Seattle,Finance,22,0.49,20-07-2020,Series B,United States,15
Curefit,Bengaluru,Fitness,120,,17-07-2020,Series D,India,404.6
Optimizely,SF Bay Area,Marketing,60,0.15,15-07-2020,Series D,United States,251.2
Skyscanner,Edinburgh,Travel,300,0.2,14-07-2020,Acquired,United Kingdom,197.2
Yelp,SF Bay Area,Consumer,63,,13-07-2020,IPO,United States,56
Bizongo,Mumbai,Logistics,140,,10-07-2020,Series C,India,70
Zilingo,Singapore,Retail,100,0.12,09-07-2020,Series D,Singapore,307
PaySense,Mumbai,Finance,40,,09-07-2020,Acquired,India,25.6
Funding Circle,SF Bay Area,Finance,85,,08-07-2020,IPO,United States,746
The Wing,New York City,Real Estate,56,,01-07-2020,Series C,United States,117
Sharethrough,SF Bay Area,Marketing,18,,01-07-2020,Series D,United States,38
Kongregate,SF Bay Area,Media,12,,01-07-2020,Series C,United States,19
Havenly,Denver,Consumer,5,,01-07-2020,Series C,United States,57.8
G2,Chicago,Marketing,17,0.05,30-06-2020,Series C,United States,100.8
Katerra,SF Bay Area,Construction,400,0.07,29-06-2020,Series E,United States,1300
Bounce,Bengaluru,Transportation,130,0.22,29-06-2020,Series D,India,214.2
Argo AI,Munich,Transportation,100,,29-06-2020,Unknown,Germany,3600
Bossa Nova,SF Bay Area,Retail,61,,29-06-2020,Unknown,United States,101.6
New Relic,Portland,Infrastructure,20,,29-06-2020,IPO,United States,214.5
GoDaddy,Austin,Marketing,451,0.06,24-06-2020,IPO,United States,
Sonos,New York City,Consumer,174,0.12,24-06-2020,IPO,United States,455.2
Gojek,Jakarta,Transportation,430,0.09,23-06-2020,Series F,Indonesia,4800
ScaleFactor,Austin,Finance,90,0.9,23-06-2020,Series C,United States,103
Dark,SF Bay Area,Product,6,1,23-06-2020,Seed,United States,3
Intuit,SF Bay Area,Finance,715,0.07,22-06-2020,IPO,United States,18
WeWork,London,Real Estate,200,,19-06-2020,Series H,United Kingdom,19500
Atlas Obscura,New York City,Media,15,,18-06-2020,Series B,United States,32
Navi,Bengaluru,Finance,40,0.25,17-06-2020,Private Equity,India,582
PaisaBazaar,Gurugram,Finance,1500,0.5,16-06-2020,Series G,India,496
Grab,Singapore,Transportation,360,0.05,16-06-2020,Series I,Singapore,9900
Splunk,SF Bay Area,Data,70,0.01,16-06-2020,IPO,United States,40
Redox,Madison,Healthcare,44,0.25,16-06-2020,Series C,United States,50
Uber,Amsterdam,Transportation,225,0.25,12-06-2020,IPO,Netherlands,24700
SynapseFI,SF Bay Area,Finance,63,0.48,12-06-2020,Series B,United States,50
ScaleFocus,Sofia,Infrastructure,120,0.1,11-06-2020,Unknown,Bulgaria,
Branch,New York City,Retail,3,0.27,11-06-2020,Seed,United States,2
Her Campus Media,Boston,Media,10,0.18,10-06-2020,Unknown,United States,
Integrate.ai,Toronto,Support,26,,09-06-2020,Unknown,Canada,39.6
The Athletic,SF Bay Area,Media,46,0.08,05-06-2020,Series D,United States,139
Ethos Life,SF Bay Area,Finance,18,0.14,05-06-2020,Series C,United States,106
Lastline,SF Bay Area,Security,50,0.4,04-06-2020,Series C,United States,52
Builder,Los Angeles,Product,39,0.14,04-06-2020,Series A,United States,29
Monzo,London,Finance,120,0.08,03-06-2020,Series F,United Kingdom,324
Kitty Hawk,SF Bay Area,Aerospace,70,,03-06-2020,Unknown,United States,1
SpotHero,Chicago,Transportation,40,0.21,03-06-2020,Series D,United States,117
Credit Sesame,SF Bay Area,Finance,22,0.14,03-06-2020,Series F,United States,120
Circ,Berlin,Transportation,100,,02-06-2020,Acquired,Germany,55
Rivian,Detroit,Transportation,40,0.02,02-06-2020,Private Equity,United States,3100
Fundbox,SF Bay Area,Finance,14,0.15,02-06-2020,Series C,United States,453
Descartes Labs,Santa Fe,Data,12,0.16,02-06-2020,Series B,United States,58
MakerBot,New York City,Consumer,12,,02-06-2020,Acquired,United States,10
Stitch Fix,SF Bay Area,Retail,1400,0.18,01-06-2020,IPO,United States,79
MakeMyTrip,Gurugram,Travel,350,0.1,01-06-2020,IPO,India,548
CrowdStreet,Portland,Real Estate,24,0.22,01-06-2020,Series C,United States,24
Brex,SF Bay Area,Finance,62,0.15,29-05-2020,Series C,United States,732
Loftium,Seattle,Real Estate,32,0.6,29-05-2020,Series A,United States,17
BookMyShow,Mumbai,Consumer,270,0.18,28-05-2020,Unknown,India,224
TrueCar,Los Angeles,Transportation,219,0.3,28-05-2020,IPO,United States,340
StubHub,SF Bay Area,Consumer,200,,28-05-2020,Acquired,United States,19
Culture Amp,Melbourne,HR,36,0.08,28-05-2020,Series E,Australia,157
The Sill,New York City,Retail,20,0.25,28-05-2020,Series A,United States,7
Instructure,Salt Lake City,Education,150,0.12,27-05-2020,Acquired,United States,89
Ebanx,Curitiba,Finance,62,0.08,27-05-2020,Unknown,Brazil,30
Uber,Bengaluru,Transportation,600,0.23,26-05-2020,IPO,India,24700
Bluprint,Denver,Education,137,1,26-05-2020,Acquired,United States,108
Acorns,Portland,Finance,50,,26-05-2020,Unknown,United States,207
CarDekho,Gurugram,Transportation,200,,25-05-2020,Series D,India,247
Teamwork,Cork,Other,21,,22-05-2020,Unknown,Ireland,
Cvent,Washington D.C.,Marketing,400,0.1,21-05-2020,Acquired,United States,146
PickYourTrail,Chennai,Travel,70,0.35,21-05-2020,Series A,India,3
Glitch,New York City,Product,18,0.36,21-05-2020,Series A,United States,30
Ola,Bengaluru,Transportation,1400,0.35,20-05-2020,Series J,India,3800
Samsara,SF Bay Area,Logistics,300,0.18,20-05-2020,Series F,United States,530
Stay Alfred,Spokane,Travel,221,1,20-05-2020,Series B,United States,62
SoFi,SF Bay Area,Finance,112,0.07,20-05-2020,Private Equity,United States,2500
ShareChat,Bengaluru,Marketing,101,0.25,20-05-2020,Series D,India,222
Intercom,SF Bay Area,Support,39,0.06,20-05-2020,Series D,United States,240
Livspace,Bengaluru,Retail,450,0.15,19-05-2020,Series D,India,157
Pollen,London,Travel,69,0.31,19-05-2020,Series B,United Kingdom,88
Dotscience,London,Product,10,1,19-05-2020,Unknown,United Kingdom,
Uber,SF Bay Area,Transportation,3000,0.13,18-05-2020,IPO,United States,24700
Agoda,Singapore,Travel,1500,0.25,18-05-2020,Acquired,Singapore,
Swiggy,Bengaluru,Food,1100,0.14,18-05-2020,Series I,India,1600
WeWork,New Delhi,Real Estate,100,0.2,18-05-2020,Series H,India,19500
Rubrik,SF Bay Area,Infrastructure,57,,18-05-2020,Series E,United States,553
Intapp,SF Bay Area,Legal,45,0.05,18-05-2020,Private Equity,United States,
Magicbricks,Noida,Real Estate,250,,17-05-2020,Unknown,India,300
Zomato,Gurugram,Food,520,0.13,15-05-2020,Series J,India,914
Lendingkart,Ahmedabad,Finance,500,0.5,15-05-2020,Unknown,India,200
Lattice,SF Bay Area,HR,16,0.1,15-05-2020,Series C,United States,49
Cruise,SF Bay Area,Transportation,150,0.08,14-05-2020,Acquired,United States,5300
Quartz,New York City,Media,80,0.4,14-05-2020,Acquired,United States,
Integral Ad Science,New York City,Marketing,70,0.1,14-05-2020,Acquired,United States,116
Ridecell,SF Bay Area,Transportation,35,0.15,14-05-2020,Series B,United States,73
Veem,SF Bay Area,Finance,30,,14-05-2020,Unknown,United States,69
Deliv,SF Bay Area,Retail,669,1,13-05-2020,Series C,United States,80
Mercos,Joinville,Sales,51,0.4,13-05-2020,Unknown,Brazil,2
Kickstarter,New York City,Finance,25,0.18,13-05-2020,Unknown,United States,10
Intersect,Toronto,Product,19,0.11,13-05-2020,Acquired,Canada,
Mode Analytics,SF Bay Area,Data,17,,13-05-2020,Series C,United States,46
Stone,Sao Paulo,Finance,1300,0.2,12-05-2020,IPO,Brazil,
Zeus Living,SF Bay Area,Real Estate,73,0.5,12-05-2020,Series B,United States,79
Mixpanel,SF Bay Area,Data,65,0.19,12-05-2020,Series B,United States,77
Hireology,Chicago,Recruiting,36,0.17,12-05-2020,Series D,United States,52
Top Hat,Toronto,Education,16,0.03,12-05-2020,Series D,Canada,104
Revolut,London,Finance,60,0.03,11-05-2020,Series D,United Kingdom,837
Cadre,New York City,Real Estate,28,0.25,11-05-2020,Series C,United States,133
N26,New York City,Finance,9,0.01,08-05-2020,Series D,United States,782
Jump,New York City,Transportation,500,1,07-05-2020,Acquired,United States,11
Glassdoor,SF Bay Area,Recruiting,300,0.3,07-05-2020,Acquired,United States,204
Numbrs,Zurich,Finance,62,0.5,07-05-2020,Series B,Switzerland,78
Flywire,Boston,Finance,60,0.12,07-05-2020,Series E,United States,263
SalesLoft,Atlanta,Sales,55,,07-05-2020,Series D,United States,145
Tally,SF Bay Area,Finance,28,0.23,07-05-2020,Series C,United States,92
Uber,SF Bay Area,Transportation,3700,0.14,06-05-2020,IPO,United States,24700
Validity,Boston,Data,130,0.33,06-05-2020,Private Equity,United States,
Flatiron School,New York City,Education,100,,06-05-2020,Acquired,United States,15
Rubicon Project,Los Angeles,Marketing,50,0.08,06-05-2020,IPO,United States,60
Segment,SF Bay Area,Data,50,0.1,06-05-2020,Series D,United States,283
Airbnb,SF Bay Area,Travel,1900,0.25,05-05-2020,Private Equity,United States,5400
Juul,SF Bay Area,Consumer,900,0.3,05-05-2020,Unknown,United States,1500
Andela,New York City,Recruiting,135,0.1,05-05-2020,Series D,United States,181
Stack Overflow,New York City,Recruiting,40,0.15,05-05-2020,Series D,United States,68
Pipedrive,Tallin,Sales,31,,05-05-2020,Series C,Estonia,90
Workable,Boston,Recruiting,25,0.1,05-05-2020,Series C,United States,84
CureFit,Bengaluru,Fitness,800,0.16,04-05-2020,Series D,India,404
Careem,Dubai,Transportation,536,0.31,04-05-2020,Acquired,United Arab Emirates,771
Oriente,Hong Kong,Finance,400,0.2,04-05-2020,Series B,Hong Kong,175
Veriff,Tallin,Security,63,0.21,04-05-2020,Series A,Estonia,7
Element AI,Montreal,Other,62,0.15,04-05-2020,Series B,Canada,257
Deputy,Sydney,HR,60,0.3,04-05-2020,Series B,Australia,106
Loopio,Toronto,Sales,11,0.08,04-05-2020,Series A,Canada,11
Trax,Tel Aviv,Retail,120,0.1,03-05-2020,Series D,Israel,386
LiveTiles,New York City,Other,50,,03-05-2020,IPO,United States,46
OYO,London,Travel,150,,01-05-2020,Series F,United Kingdom,2400
Namely,New York City,HR,110,0.4,01-05-2020,Series E,United States,217
Culture Trip,London,Media,95,0.32,01-05-2020,Series B,United Kingdom,102
Sandbox VR,SF Bay Area,Consumer,80,0.8,01-05-2020,Series A,United States,82
Virtudent,Boston,Healthcare,70,,01-05-2020,Series A,United States,10
Monese,Lisbon,Finance,35,,01-05-2020,Unknown,Portugal,80
TheSkimm,New York City,Media,26,0.2,01-05-2020,Series C,United States,28
Bullhorn,Boston,Sales,100,,30-04-2020,Acquired,United States,32
Care.com,Boston,Consumer,81,,30-04-2020,Acquired,United States,156
Lyft,SF Bay Area,Transportation,982,0.17,29-04-2020,IPO,United States,4900
WeWork,SF Bay Area,Real Estate,300,,29-04-2020,Series H,United States,2250
Kayak / OpenTable,Stamford,Travel,160,0.08,29-04-2020,Acquired,United States,229
Kitopi,New York City,Food,124,,29-04-2020,Series B,United States,89
Lime,SF Bay Area,Transportation,80,0.13,29-04-2020,Series D,United States,765
Transfix,New York City,Logistics,24,0.1,29-04-2020,Series D,United States,128
TripAdvisor,Boston,Travel,900,0.25,28-04-2020,IPO,United States,3
Renmoney,Lagos,Finance,391,0.5,28-04-2020,Unknown,Nigeria,
Deliveroo,London,Food,367,0.15,28-04-2020,Series G,United Kingdom,1500
App Annie,SF Bay Area,Data,80,0.18,28-04-2020,Unknown,United States,156
OpenX,Los Angeles,Marketing,35,0.15,28-04-2020,Unknown,United States,70
PayJoy,SF Bay Area,Finance,27,0.25,28-04-2020,Series B,United States,71
Shipsi,Los Angeles,Retail,20,0.5,28-04-2020,Seed,United States,2
Automation Anywhere,SF Bay Area,Other,260,0.1,27-04-2020,Series B,United States,840
JetClosing,Seattle,Real Estate,20,0.2,27-04-2020,Series A,United States,24
OYO,Sao Paulo,Travel,500,,25-04-2020,Series F,Brazil,2400
Stoqo,Jakarta,Food,250,1,25-04-2020,Series A,Indonesia,
Submittable,Missoula,Other,30,0.2,25-04-2020,Series B,United States,17
Divergent 3D,Los Angeles,Transportation,57,0.36,24-04-2020,Series B,United States,88
Ada Support,Toronto,Support,36,0.23,24-04-2020,Series B,Canada,60
UPshow,Chicago,Marketing,19,0.3,24-04-2020,Series A,United States,7
Lighter Capital,Seattle,Finance,18,0.22,24-04-2020,Series B,United States,15
Horizn Studios,Berlin,Travel,15,0.25,24-04-2020,Series B,Germany,30
Welkin Health,SF Bay Area,Healthcare,10,0.33,24-04-2020,Series B,United States,29
Jiobit,Chicago,Consumer,6,0.21,24-04-2020,Unknown,United States,12
TutorMundi,Sao Paulo,Education,4,1,24-04-2020,Series A,Brazil,2
StockX,Detroit,Retail,100,0.12,23-04-2020,Series C,United States,160
Zenefits,SF Bay Area,HR,87,0.15,23-04-2020,Series C,United States,583
Sisense,New York City,Data,80,0.09,23-04-2020,Series F,United States,274
Oscar Health,New York City,Healthcare,70,0.05,23-04-2020,Unknown,United States,1300
Simon Data,New York City,Marketing,6,,23-04-2020,Series C,United States,68
Magic Leap,Miami,Consumer,1000,0.5,22-04-2020,Series E,United States,2600
When I Work,Minneapolis,HR,55,0.35,22-04-2020,Series B,United States,24
Ike,SF Bay Area,Transportation,10,0.14,22-04-2020,Series A,United States,52
Swiggy,Bengaluru,Food,800,,21-04-2020,Series I,India,1600
Paytm,New Delhi,Finance,500,,21-04-2020,Unknown,India,2200
Lending Club,SF Bay Area,Finance,460,0.3,21-04-2020,IPO,United States,392
Houzz,SF Bay Area,Consumer,155,0.1,21-04-2020,Series E,United States,613
Casper,New York City,Retail,78,0.21,21-04-2020,IPO,United States,339
RealSelf,Seattle,Healthcare,40,0.13,21-04-2020,Series B,United States,42
Freshbooks,Toronto,Finance,38,0.09,21-04-2020,Series B,Canada,75
Patreon,SF Bay Area,Media,30,0.13,21-04-2020,Series D,United States,165
Lambda School,SF Bay Area,Education,19,,21-04-2020,Series B,United States,48
Politico / Protocol,Washington D.C.,Media,13,,21-04-2020,Unknown,United States,
Bringg,Tel Aviv,Logistics,10,0.1,21-04-2020,Series D,Israel,84
Klook,Hong Kong,Travel,300,0.15,20-04-2020,Series D,Hong Kong,521
ConsenSys,New York City,Crypto,91,0.14,20-04-2020,Unknown,United States,10
GumGum,Los Angeles,Marketing,90,0.25,20-04-2020,Series D,United States,58
Kueski,Guadalajara,Finance,90,0.3,20-04-2020,Series B,Mexico,38
Movidesk,Blumenau,Support,33,0.25,20-04-2020,Seed,Brazil,1
Zum,SF Bay Area,Transportation,28,,20-04-2020,Series C,United States,71
Komodo Health,SF Bay Area,Healthcare,23,0.09,20-04-2020,Series C,United States,50
Forward,SF Bay Area,Healthcare,10,0.03,20-04-2020,Series C,United States,100
BlackBuck,Bengaluru,Logistics,200,,17-04-2020,Series D,India,293
ContaAzul,Joinville,Education,140,0.35,17-04-2020,Series D,Brazil,37
Greenhouse Software,New York City,Recruiting,120,0.28,17-04-2020,Series D,United States,110
QuintoAndar,Sao Paulo,Real Estate,88,0.08,17-04-2020,Series D,Brazil,335
Loft,Sao Paulo,Real Estate,47,0.1,17-04-2020,Series C,Brazil,263
Zilingo,Singapore,Retail,44,0.05,17-04-2020,Series D,Singapore,307
Labster,Copenhagen,Education,40,,17-04-2020,Series B,Denmark,34
Sweetgreen,Los Angeles,Food,35,0.1,17-04-2020,Series I,United States,478
People.ai,SF Bay Area,Marketing,30,0.18,17-04-2020,Series C,United States,100
Tor,Boston,Security,13,0.37,17-04-2020,Unknown,United States,1
CarGurus,Boston,Transportation,130,0.13,16-04-2020,IPO,United States,1
Funding Societies,Singapore,Finance,65,0.18,16-04-2020,Series B,Singapore,42
CleverTap,Mumbai,Marketing,60,0.2,16-04-2020,Series C,India,76
Opendoor,SF Bay Area,Real Estate,600,0.35,15-04-2020,Series E,United States,1500
GoPro,SF Bay Area,Consumer,200,0.2,15-04-2020,IPO,United States,288
Shop101,Mumbai,Retail,200,0.4,15-04-2020,Series C,India,19
Zume,SF Bay Area,Food,200,0.67,15-04-2020,Unknown,United States,423
Carta,SF Bay Area,Finance,161,0.16,15-04-2020,Series E,United States,447
Akulaku,Jakarta,Finance,100,,15-04-2020,Series D,Indonesia,160
Parsable,SF Bay Area,HR,40,0.25,15-04-2020,Series C,United States,72
Kodiak Robotics,SF Bay Area,Transportation,15,0.2,15-04-2020,Series A,United States,40
Tulip Retail,Toronto,Retail,14,,15-04-2020,Series B,Canada,51
Trove Recommerce,SF Bay Area,Retail,13,,15-04-2020,Series C,United States,34
The RealReal,SF Bay Area,Retail,235,0.1,14-04-2020,IPO,United States,358
TouchBistro,Toronto,Food,131,0.23,14-04-2020,Series E,Canada,224
Envoy,SF Bay Area,HR,58,0.3,14-04-2020,Series B,United States,59
VSCO,SF Bay Area,Consumer,45,0.35,14-04-2020,Series B,United States,90
Skillz,SF Bay Area,Consumer,21,,14-04-2020,Series D,United States,132
DataStax,SF Bay Area,Data,15,,14-04-2020,Series E,United States,190
Xerpa,Sao Paulo,HR,10,,14-04-2020,Unknown,Brazil,5
Groupon,Chicago,Retail,2800,0.44,13-04-2020,IPO,United States,1400
Zoox,SF Bay Area,Transportation,100,0.1,13-04-2020,Series B,United States,955
Neon,Sao Paulo,Finance,70,0.1,13-04-2020,Series B,Brazil,120
EasyPost,SF Bay Area,Logistics,50,0.25,13-04-2020,Series A,United States,12
Clearbanc,Toronto,Finance,17,0.08,13-04-2020,Series B,Canada,119
Meow Wolf,Santa Fe,Media,201,,10-04-2020,Unknown,United States,185
Frontdesk,Milwaukee,Travel,35,0.16,10-04-2020,Unknown,United States,3
BeeTech,Sao Paulo,Finance,30,,10-04-2020,Series B,Brazil,14
Built In,Chicago,Recruiting,28,,10-04-2020,Series C,United States,29
NuoDB,Boston,Data,20,0.29,10-04-2020,Unknown,United States,85
Rhumbix,SF Bay Area,Construction,16,0.27,10-04-2020,Series B,United States,35
Atsu,Seattle,Infrastructure,6,1,10-04-2020,Unknown,United States,1
Geekwire,Seattle,Media,5,0.31,10-04-2020,Unknown,United States,
Yelp,SF Bay Area,Consumer,1000,0.17,09-04-2020,IPO,United States,56
Monzo,Las Vegas,Finance,165,,09-04-2020,Series F,United States,324
OneTrust,Atlanta,Legal,150,0.1,09-04-2020,Series B,United States,410
Omie,Sao Paulo,Finance,136,0.31,09-04-2020,Series B,Brazil,26
Domo,Salt Lake City,Data,90,0.1,09-04-2020,IPO,United States,689
Matterport,SF Bay Area,Data,90,0.34,09-04-2020,Series D,United States,114
Clinc,Ann Arbor,Support,40,0.32,09-04-2020,Series B,United States,59
Mejuri,Toronto,Retail,36,0.15,09-04-2020,Series B,Canada,28
Code42,Minneapolis,Data,25,0.05,09-04-2020,Series B,United States,137.5
Lighthouse Labs,Toronto,Education,14,0.07,09-04-2020,Unknown,Canada,
LoopMe,London,Marketing,8,0.04,09-04-2020,Unknown,United Kingdom,32
Eventbrite,SF Bay Area,Consumer,500,0.45,08-04-2020,IPO,United States,332
Meesho,Bengaluru,Retail,200,0.28,08-04-2020,Series D,India,215
Scoop,SF Bay Area,Transportation,92,0.33,08-04-2020,Series C,United States,95
Unison,SF Bay Area,Finance,89,0.45,08-04-2020,Series B,United States,40
Lever,SF Bay Area,Recruiting,86,0.4,08-04-2020,Series C,United States,72
Unbabel,Lisbon,Support,80,0.35,08-04-2020,Series C,Portugal,91
Button,New York City,Marketing,48,0.35,08-04-2020,Series C,United States,64
Eden / Managed By Q,New York City,Real Estate,40,0.4,08-04-2020,Series B,United States,40
Quantcast,SF Bay Area,Marketing,30,0.05,08-04-2020,Series C,United States,65
BVAccel,San Diego,Marketing,25,0.25,08-04-2020,Unknown,United States,
VideoAmp,Los Angeles,Marketing,21,0.1,08-04-2020,Series C,United States,106
Kenoby,Sao Paulo,Recruiting,18,0.16,08-04-2020,Unknown,Brazil,23
Connected,Toronto,Product,17,0.1,08-04-2020,Unknown,Canada,
GetNinjas,Sao Paulo,Consumer,11,0.1,08-04-2020,Series B,Brazil,16
Spyce,Boston,Food,4,0.12,08-04-2020,Series A,United States,26
Toast,Boston,Food,1300,0.5,07-04-2020,Series F,United States,902
ezCater,Boston,Food,400,0.44,07-04-2020,Series D,United States,319
Sage Therapeutics,Boston,Healthcare,340,0.53,07-04-2020,IPO,United States,438
Redfin,Seattle,Real Estate,236,0.07,07-04-2020,IPO,United States,319
Branch Metrics,SF Bay Area,Marketing,100,0.2,07-04-2020,Series E,United States,367
Newfront Insurance,SF Bay Area,Finance,94,,07-04-2020,Unknown,United States,
Ibotta,Denver,Retail,87,0.15,07-04-2020,Series D,United States,85
Virta Health,SF Bay Area,Healthcare,65,,07-04-2020,Series C,United States,175
Away,New York City,Retail,60,0.1,07-04-2020,Series D,United States,181
MediaMath,New York City,Marketing,53,0.08,07-04-2020,Private Equity,United States,607
Group Nine Media,New York City,Media,50,0.07,07-04-2020,Unknown,United States,190
Payfactors,Boston,HR,46,,07-04-2020,Unknown,United States,
Nav,Salt Lake City,Finance,30,,07-04-2020,Series C,United States,99
Metromile,SF Bay Area,Finance,100,0.33,06-04-2020,Series E,United States,293
Rock Content,Belo Horizonte,Marketing,100,0.2,06-04-2020,Series A,Brazil,0.7
BounceX,New York City,Marketing,77,0.2,06-04-2020,Series B,United States,75
C6 Bank,Sao Paulo,Finance,60,0.06,06-04-2020,Unknown,Brazil,
Wordstream,Boston,Marketing,26,0.1,06-04-2020,Acquired,United States,28
Cogito,Boston,Support,24,0.14,06-04-2020,Series C,United States,92
BusBud,Montreal,Transportation,23,0.32,06-04-2020,Series B,Canada,21
Borrowell,Toronto,Finance,15,0.2,06-04-2020,Series B,Canada,72
PerkSpot,Chicago,HR,10,0.1,06-04-2020,Private Equity,United States,50
Astra,SF Bay Area,Aerospace,40,0.25,05-04-2020,Unknown,United States,100
Iflix,Kuala Lumpur,Consumer,50,0.12,04-04-2020,Unknown,Malaysia,348
Gympass,Sao Paulo,Fitness,467,0.33,03-04-2020,Series D,Brazil,300
Sojern,SF Bay Area,Marketing,300,0.5,03-04-2020,Series D,United States,162
MaxMilhas,Belo Horizonte,Travel,167,0.42,03-04-2020,Unknown,Brazil,
Minted,SF Bay Area,Retail,147,0.37,03-04-2020,Series E,United States,297
Velodyne Lidar,SF Bay Area,Transportation,140,,03-04-2020,Unknown,United States,225
Zoox,SF Bay Area,Transportation,120,,03-04-2020,Series B,United States,955
Traveloka,Jakarta,Travel,100,0.1,03-04-2020,Unknown,Indonesia,
Arrive Logistics,Austin,Logistics,75,0.07,03-04-2020,Series B,United States,35
Salsify,Boston,Retail,60,0.13,03-04-2020,Series D,United States,97
Jetty,New York City,Finance,35,0.4,03-04-2020,Series B,United States,40
D2iQ,SF Bay Area,Infrastructure,34,0.13,03-04-2020,Series D,United States,247
Bustle Digital Group,New York City,Media,24,0.08,03-04-2020,Series E,United States,80
Bustle Digital Group,New York City,Media,19,,03-04-2020,Series E,United States,80
Opencare,Toronto,Healthcare,18,0.25,03-04-2020,Series A,Canada,24
Anagram,Los Angeles,Healthcare,17,,03-04-2020,Series A,United States,14
G/O Media Group,New York City,Media,14,0.05,03-04-2020,Unknown,United States,
DSCO,Salt Lake City,Retail,12,,03-04-2020,Series A,United States,4
Tripbam,Dallas,Travel,10,0.25,03-04-2020,Unknown,United States,
Avantage Entertainment,Minneapolis,Media,5,0.2,03-04-2020,Unknown,United States,
MindBody,San Luis Obispo,Fitness,700,0.35,02-04-2020,IPO,United States,114
Katerra,SF Bay Area,Construction,240,0.03,02-04-2020,Series D,United States,1200
Ritual,Toronto,Food,196,0.54,02-04-2020,Series C,Canada,112
ClassPass,New York City,Fitness,154,0.22,02-04-2020,Series E,United States,549
eGym,Munich,Fitness,100,0.25,02-04-2020,Series D,Germany,109
Voi,Stockholm,Transportation,100,,02-04-2020,Series B,Sweden,167
Industrious,New York City,Real Estate,90,0.2,02-04-2020,Series D,United States,222
1stdibs,New York City,Retail,70,0.17,02-04-2020,Series D,United States,253
ThirdLove,SF Bay Area,Retail,65,0.3,02-04-2020,Series B,United States,68
Latch,New York City,Security,60,,02-04-2020,Series B,United States,152
The Predictive Index,Boston,HR,59,0.25,02-04-2020,Acquired,United States,65
Shuttl,New Delhi,Transportation,40,,02-04-2020,Series C,India,122
Jobcase,Boston,Recruiting,39,0.2,02-04-2020,Private Equity,United States,118
Copper,SF Bay Area,Marketing,35,,02-04-2020,Series C,United States,102
Dynamic Signal,SF Bay Area,HR,35,0.19,02-04-2020,Series E,United States,114
FiscalNote,Washington D.C.,Media,30,,02-04-2020,Series D,United States,50
Sauce Labs,SF Bay Area,Infrastructure,30,0.15,02-04-2020,Unknown,United States,151
Humu,SF Bay Area,HR,26,,02-04-2020,Series B,United States,40
TripleLift,New York City,Marketing,23,0.07,02-04-2020,Series B,United States,16
Coding Dojo,Seattle,Education,7,0.07,02-04-2020,Unknown,United States,2
Instamojo,Bengaluru,Finance,6,0.06,02-04-2020,Unknown,India,8
Synergysuite,Salt Lake City,Food,5,0.07,02-04-2020,Series A,United States,6
Booksy,SF Bay Area,Consumer,200,,01-04-2020,Series B,United States,48
Flymya,Yangon,Travel,200,0.33,01-04-2020,Unknown,Myanmar,
PatientPop,Los Angeles,Healthcare,100,0.2,01-04-2020,Series B,United States,75
Showpad,Chicago,Marketing,52,0.12,01-04-2020,Series D,United States,159
Highsnobiety,Berlin,Media,51,0.25,01-04-2020,Series A,Germany,8.5
Earnin,SF Bay Area,Finance,50,0.2,01-04-2020,Series C,United States,190
Wonolo,SF Bay Area,Recruiting,46,0.13,01-04-2020,Series C,United States,52
Acko,Mumbai,Finance,45,0.09,01-04-2020,Unknown,India,143
Moovel,Portland,Transportation,28,0.37,01-04-2020,Unknown,United States,
Aqua Security,Tel Aviv,Security,24,0.09,01-04-2020,Series C,Israel,100
Crayon,Boston,Marketing,20,0.2,01-04-2020,Series A,United States,16
Pana,Denver,Travel,18,,01-04-2020,Series A,United States,11
Sensibill,Toronto,Finance,17,0.2,01-04-2020,Series B,Canada,50
Usermind,Seattle,Marketing,15,0.25,01-04-2020,Series C,United States,46
Incredible Health,SF Bay Area,Healthcare,9,0.4,01-04-2020,Series A,United States,15
KeepTruckin,SF Bay Area,Logistics,349,0.18,31-03-2020,Series D,United States,227
AdRoll,Salt Lake City,Marketing,210,0.3,31-03-2020,Series C,United States,89
Rover,Seattle,Consumer,194,0.41,31-03-2020,Series G,United States,310
Turo,SF Bay Area,Transportation,108,0.3,31-03-2020,Series E,United States,467
uShip,Austin,Logistics,65,0.37,31-03-2020,Series D,United States,69
SkySlope,Sacramento,Real Estate,50,0.25,31-03-2020,Acquired,United States,
Siteimprove,Minneapolis,Marketing,40,,31-03-2020,Unknown,United States,55
AngelList,SF Bay Area,Recruiting,20,,31-03-2020,Series B,United States,26
Zenoti,Seattle,Fitness,17,0.04,31-03-2020,Series C,United States,91
DialSource,Sacramento,Marketing,5,0.14,31-03-2020,Series B,United States,26
Thumbtack,SF Bay Area,Consumer,250,0.3,30-03-2020,Series F,United States,423
RigUp,Austin,Energy,120,0.25,30-03-2020,Series D,United States,423
FabHotels,New Delhi,Travel,80,0.2,30-03-2020,Series B,India,48
Hibob,Tel Aviv,HR,70,0.3,30-03-2020,Series A,Israel,45
PeerStreet,Los Angeles,Finance,51,0.3,30-03-2020,Series C,United States,110
Maven,Seattle,Media,31,0.09,30-03-2020,IPO,United States,77
Blume Global,SF Bay Area,Logistics,30,0.1,30-03-2020,Unknown,United States,
Catalant,Boston,Other,30,,30-03-2020,Series E,United States,110
Starship Technologies,Tallin,Transportation,30,,30-03-2020,Series A,Estonia,82
Loftsmart,New York City,Real Estate,25,0.75,30-03-2020,Series A,United States,18
Caliva,SF Bay Area,Retail,20,,30-03-2020,Series A,United States,75
Iris Nova,New York City,Food,9,0.5,30-03-2020,Seed,United States,15
ZipRecruiter,Los Angeles,Recruiting,400,0.39,29-03-2020,Series B,United States,219
Amplero,Seattle,Marketing,17,1,29-03-2020,Series B,United States,25
Polarr,SF Bay Area,Consumer,10,,29-03-2020,Series A,United States,13
TravelTriangle,Gurugram,Travel,250,0.5,28-03-2020,Series D,India,47
WeWork,New York City,Real Estate,250,,28-03-2020,Series H,United States,2250
OneWeb,London,Aerospace,451,0.85,27-03-2020,Unknown,United Kingdom,3000
Bird,Los Angeles,Transportation,406,0.3,27-03-2020,Series D,United States,623
HOOQ,Singapore,Consumer,250,1,27-03-2020,Unknown,Singapore,95
Everlane,SF Bay Area,Retail,227,,27-03-2020,Unknown,United States,18
DataRobot,Boston,Data,200,,27-03-2020,Series E,United States,430
Restaurant365,Los Angeles,Food,175,,27-03-2020,Series C,United States,127
Blueground,New York City,Real Estate,130,0.25,27-03-2020,Series B,United States,77
Knotel,New York City,Real Estate,127,0.3,27-03-2020,Series C,United States,560
Getaround,SF Bay Area,Transportation,100,0.25,27-03-2020,Series D,United States,403
Zipcar,Boston,Transportation,100,0.2,27-03-2020,Acquired,United States,107
Mogo,Vancouver,Finance,78,0.3,27-03-2020,IPO,Canada,201
DISCO,Austin,Legal,75,,27-03-2020,Series E,United States,133
Raken,San Diego,Construction,60,,27-03-2020,Series A,United States,12
Bench,Vancouver,Finance,47,0.1,27-03-2020,Series B,Canada,49
Loft,Sao Paulo,Real Estate,47,,27-03-2020,Series C,Brazil,263
Oh My Green,SF Bay Area,Food,40,,27-03-2020,Seed,United States,20
Bevi,Boston,Food,30,0.2,27-03-2020,Series C,United States,60
Textio,Seattle,Recruiting,30,0.2,27-03-2020,Unknown,United States,41
Opal,Portland,Marketing,20,,27-03-2020,Series B,United States,25
ThirdLove,New York City,Retail,10,,27-03-2020,Series B,United States,68
B8ta,SF Bay Area,Retail,250,0.5,26-03-2020,Series C,United States,88
Fareportal,Gurugram,Travel,200,,26-03-2020,Unknown,India,
Puppet,Portland,Infrastructure,50,0.1,26-03-2020,Series F,United States,149
Ecobee,Toronto,Energy,47,0.1,26-03-2020,Series C,Canada,149
Passport,Charlotte,Transportation,44,,26-03-2020,Series D,United States,123
Peerspace,SF Bay Area,Real Estate,41,0.75,26-03-2020,Series B,United States,34
GoSpotCheck,Denver,Retail,23,0.2,26-03-2020,Series B,United States,47
Consider.co,SF Bay Area,Other,13,1,26-03-2020,Seed,United States,5
TripActions,SF Bay Area,Travel,300,0.25,25-03-2020,Series D,United States,981
Lyric,SF Bay Area,Real Estate,100,,25-03-2020,Series B,United States,179.1
Rangle,Toronto,Product,78,0.3,25-03-2020,Unknown,Canada,
O'Reilly Media,SF Bay Area,Media,75,0.15,25-03-2020,Unknown,United States,
WanderJaunt,SF Bay Area,Travel,56,0.23,25-03-2020,Series B,United States,26
OutboundEngine,Austin,Marketing,52,0.28,25-03-2020,Series C,United States,48
Wonderschool,SF Bay Area,Education,50,0.75,25-03-2020,Series A,United States,24
Overtime,New York City,Media,30,0.23,25-03-2020,Series B,United States,35
Jama,Portland,Product,12,0.05,25-03-2020,Unknown,United States,233
Element Analytics,SF Bay Area,Data,10,,25-03-2020,Series A,United States,22
Sonder,SF Bay Area,Travel,400,0.33,24-03-2020,Series D,United States,359
Takl,Nashville,Consumer,130,,24-03-2020,Unknown,United States,
Foodsby,Minneapolis,Food,87,0.67,24-03-2020,Series B,United States,20
Zeus Living,SF Bay Area,Real Estate,80,0.3,24-03-2020,Series B,United States,79
TravelBank,SF Bay Area,Travel,20,,24-03-2020,Series B,United States,35
Compass,New York City,Real Estate,375,0.15,23-03-2020,Series G,United States,1600
Convene,New York City,Real Estate,150,0.18,23-03-2020,Series D,United States,280
Leafly,Seattle,Retail,91,0.5,23-03-2020,Acquired,United States,2
The Guild,Austin,Travel,38,0.22,23-03-2020,Series B,United States,36
Drip,Salt Lake City,Marketing,20,,23-03-2020,Acquired,United States,0
GrayMeta,Los Angeles,Data,20,0.4,23-03-2020,Unknown,United States,7
Triplebyte,SF Bay Area,Recruiting,15,0.17,23-03-2020,Series B,United States,48
Ladder Life,SF Bay Area,Finance,13,0.25,23-03-2020,Series C,United States,94
Flywheel Sports,New York City,Fitness,784,0.98,20-03-2020,Acquired,United States,120
Peek,Salt Lake City,Travel,45,,20-03-2020,Series B,United States,39
CTO.ai,Vancouver,Infrastructure,30,0.5,20-03-2020,Seed,Canada,7
Yonder,Austin,Media,18,,20-03-2020,Series A,United States,16
Bounce,Bengaluru,Transportation,120,,19-03-2020,Series D,India,214
Ejento,SF Bay Area,Recruiting,84,1,19-03-2020,Unknown,United States,
Remote Year,Chicago,Travel,50,0.5,19-03-2020,Series B,United States,17
Lola,Boston,Travel,34,,19-03-2020,Series C,United States,81
Flytedesk,Boulder,Marketing,4,0.2,18-03-2020,Seed,United States,4
Inspirato,Denver,Travel,130,0.22,16-03-2020,Series C,United States,79
Help.com,Austin,Support,16,1,16-03-2020,Seed,United States,6
HopSkipDrive,Los Angeles,Transportation,8,0.1,13-03-2020,Unknown,United States,45
Panda Squad,SF Bay Area,Consumer,6,0.75,13-03-2020,Seed,United States,1
Tamara Mellon,Los Angeles,Retail,20,0.4,12-03-2020,Series C,United States,90
EasyPost,Salt Lake City,Logistics,75,,11-03-2020,Series A,United States,12